Workbook

Sheet TF1000cells_motifs
A1: TF | B1: n | C1: AME motif for peaks | D1: Homer motif for peaks | E1: AME motif for bins | F1: Homer motif for bins | G1: Imputed Data: AME motif for peaks | H1: Imputed Data: Homer motif for peaks | I1: Homer database | J1: HOCOMOCOv11 database | K1: Codebook database
A2: CTCF | B2: 10410 | C2: NA | D2: 1e-39 | E2: NA | F2: 1e-68 | H2: 1e-101 | I2: CTCF | J2: CTCF | K2: CTCF
A3: E2F3 | B3: 30622 | C3: 4.44e-10 | D3: 1e-64 | E3: NA | F3: 1e-85 | G3: 2.47e-06 | H3: 1e-70 | I3: E2F3 | J3: E2F3 | K3: #N/A
A4: EPAS1 | B4: 1046 | C4: NA | D4: NA | E4: NA | F4: NA | I4: #N/A | J4: EPAS1 | K4: #N/A
A5: ETS2 | B5: 1637 | C5: NA | D5: NA | E5: NA | F5: NA | I5: #N/A | J5: ETS2 | K5: #N/A
A6: FOXC1 | B6: 4760 | C6: NA | D6: NA | E6: NA | F6: NA | I6: #N/A | J6: FOXC1 | K6: #N/A
A7: FOXJ3 | B7: 2303 | C7: NA | D7: NA | E7: NA | F7: NA | I7: #N/A | J7: FOXJ3 | K7: #N/A
A8: FOXK1 | B8: 1202 | C8: NA | D8: 1 | E8: NA | F8: 1 | I8: FOXK1 | J8: FOXK1 | K8: #N/A
A9: MAZ | B9: 3968 | C9: 1.93e-12 | D9: 0.001 | E9: NA | F9: 1e-08 | I9: Maz | J9: MAZ | K9: #N/A
A10: MEF2A | B10: 1027 | C10: NA | D10: 1 | E10: NA | F10: 1 | I10: #N/A | J10: MEF2A | K10: #N/A
A11: MEF2D | B11: 1764 | C11: NA | D11: 1 | E11: NA | F11: NA | I11: Mef2d | J11: MEF2D | K11: #N/A
A12: NFYA | B12: 70292 | C12: 1.76e-14 | D12: NA | E12: NA | F12: NA | I12: #N/A | J12: NFYA | K12: #N/A
A13: NRF1 | B13: 1416 | C13: NA | D13: 1e-22 | E13: NA | F13: 1e-18 | H13: 1e-33 | I13: NRF1 | J13: NRF1 | K13: #N/A
A14: SOX4 | B14: 64652 | C14: NA | D14: 1 | E14: 1.6e-34 | F14: 1e-05 | I14: Sox4 | J14: SOX4 | K14: #N/A
A15: TBX3 | B15: 4391 | C15: NA | D15: NA | E15: NA | F15: NA | I15: #N/A | J15: TBX3 | K15: #N/A
A16: RBBP4 | B16: 181396 | C16: NA | D16: NA | F16: NA | I16: #N/A | J16: #N/A | K16: #N/A
A17: XPA | B17: 50752 | C17: NA | D17: NA | E17: NA | F17: NA | I17: #N/A | J17: #N/A | K17: #N/A
A18: RBBP7 | B18: 39619 | C18: NA | D18: NA | E18: NA | F18: NA | I18: #N/A | J18: #N/A | K18: #N/A
A19: ZNF507 | B19: 30870 | C19: NA | D19: NA | E19: NA | F19: NA | I19: #N/A | J19: #N/A | K19: ZNF507
A20: NME2 | B20: 30095 | C20: NA | D20: NA | E20: NA | F20: NA | I20: #N/A | J20: #N/A | K20: #N/A
A21: MBD3 | B21: 28330 | C21: NA | D21: NA | E21: NA | F21: NA | I21: #N/A | J21: #N/A | K21: MBD3
A22: MLX | B22: 23262 | C22: NA | D22: NA | E22: NA | F22: NA | I22: #N/A | J22: #N/A | K22: #N/A
A23: DDIT3 | B23: 22129 | C23: NA | D23: NA | E23: NA | F23: NA | I23: #N/A | J23: #N/A | K23: #N/A
A24: ZNF703 | B24: 21216 | C24: NA | D24: NA | E24: NA | F24: NA | I24: #N/A | J24: #N/A | K24: ZNF703
A25: GLYR1 | B25: 16883 | C25: NA | D25: NA | E25: NA | F25: NA | I25: #N/A | J25: #N/A | K25: GLYR1
A26: E4F1 | B26: 12061 | C26: NA | D26: NA | E26: NA | F26: NA | I26: #N/A | J26: #N/A | K26: #N/A
A27: SAFB | B27: 9654 | C27: NA | D27: NA | E27: NA | F27: NA | I27: #N/A | J27: #N/A | K27: #N/A
A28: MTF2 | B28: 8746 | C28: NA | D28: NA | E28: NA | F28: NA | I28: #N/A | J28: #N/A | K28: #N/A
A29: ZBTB7A | B29: 7005 | C29: NA | D29: 1 | E29: NA | F29: 0.0001 | I29: ZBTB7A | J29: #N/A | K29: #N/A
A30: HOXA10 | B30: 6476 | C30: NA | D30: 1 | E30: NA | F30: 0.01 | I30: #N/A | J30: #N/A | K30: #N/A
A31: HOXB9 | B31: 5903 | C31: NA | D31: NA | E31: NA | F31: NA | I31: #N/A | J31: #N/A | K31: #N/A
A32: ZNF768 | B32: 5837 | C32: NA | D32: 1 | E32: NA | F32: 1 | I32: ZNF768 | J32: #N/A | K32: #N/A
A33: FLYWCH1 | B33: 5824 | C33: NA | D33: NA | E33: NA | F33: NA | I33: #N/A | J33: #N/A | K33: FLYWCH1
A34: HOXB6 | B34: 5703 | C34: NA | D34: NA | E34: NA | F34: NA | I34: #N/A | J34: #N/A | K34: #N/A
A35: DR1 | B35: 5661 | C35: NA | D35: 0.1 | E35: NA | F35: 0.1 | I35: #N/A | J35: #N/A | K35: #N/A
A36: PA2G4 | B36: 5319 | C36: NA | D36: NA | E36: NA | F36: NA | I36: #N/A | J36: #N/A | K36: #N/A
A37: ZNF512B | B37: 5185 | C37: NA | D37: NA | E37: NA | F37: NA | I37: #N/A | J37: #N/A | K37: #N/A
A38: RBPJ | B38: 5138 | C38: NA | D38: 1 | E38: NA | F38: 0.1 | I38: #N/A | J38: #N/A | K38: #N/A
A39: ZIC2 | B39: 4896 | C39: NA | D39: 1 | E39: NA | F39: 1 | I39: Zic2 | J39: #N/A | K39: #N/A
A40: ZNF644 | B40: 4749 | C40: NA | D40: NA | E40: NA | F40: NA | I40: #N/A | J40: #N/A | K40: #N/A
A41: ZNF367 | B41: 4492 | C41: NA | D41: NA | E41: NA | F41: NA | I41: #N/A | J41: #N/A | K41: ZNF367
A42: HES1 | B42: 4325 | C42: NA | D42: NA | E42: NA | F42: NA | I42: #N/A | J42: #N/A | K42: #N/A
A43: EZH2 | B43: 3970 | C43: NA | D43: NA | E43: NA | F43: NA | I43: #N/A | J43: #N/A | K43: #N/A
A44: SRCAP | B44: 3859 | C44: NA | D44: NA | E44: NA | F44: NA | I44: #N/A | J44: #N/A | K44: #N/A
A45: SMARCA1 | B45: 3745 | C45: NA | D45: NA | E45: NA | F45: NA | I45: #N/A | J45: #N/A | K45: #N/A
A46: STAG2 | B46: 3599 | C46: NA | D46: NA | E46: NA | F46: NA | I46: #N/A | J46: #N/A | K46: #N/A
A47: WIZ | B47: 3449 | C47: NA | D47: NA | E47: NA | F47: NA | I47: #N/A | J47: #N/A | K47: #N/A
A48: ZNF777 | B48: 3400 | C48: NA | D48: NA | E48: NA | F48: NA | I48: #N/A | J48: #N/A | K48: #N/A
A49: HOXC9 | B49: 3331 | C49: NA | D49: 0.1 | E49: NA | F49: 1 | I49: Hoxc9 | J49: #N/A | K49: #N/A
A50: ZNF746 | B50: 3099 | C50: NA | D50: NA | E50: NA | F50: NA | I50: #N/A | J50: #N/A | K50: ZNF746
A51: ZNF282 | B51: 2959 | C51: NA | D51: NA | E51: NA | F51: NA | I51: #N/A | J51: #N/A | K51: #N/A
A52: CHAMP1 | B52: 2942 | C52: NA | D52: NA | E52: NA | F52: NA | I52: #N/A | J52: #N/A | K52: #N/A
A53: POGK | B53: 2651 | C53: NA | D53: NA | E53: NA | F53: NA | I53: #N/A | J53: #N/A | K53: POGK
A54: THAP6 | B54: 2516 | C54: NA | D54: NA | E54: NA | F54: NA | I54: #N/A | J54: #N/A | K54: #N/A
A55: ZUFSP | B55: 2496 | C55: NA | D55: NA | E55: NA | F55: NA | I55: #N/A | J55: #N/A | K55: #N/A
A56: DNMT1 | B56: 2458 | C56: NA | D56: NA | E56: NA | F56: NA | I56: #N/A | J56: #N/A | K56: #N/A
A57: RELA | B57: 2123 | C57: NA | D57: NA | E57: NA | F57: NA | I57: #N/A | J57: #N/A | K57: #N/A
A58: ZNF512 | B58: 2122 | C58: NA | D58: NA | E58: NA | F58: NA | I58: #N/A | J58: #N/A | K58: #N/A
A59: HOXB8 | B59: 1980 | C59: NA | D59: NA | E59: NA | F59: NA | I59: #N/A | J59: #N/A | K59: #N/A
A60: ZBTB43 | B60: 1818 | C60: NA | D60: NA | E60: NA | F60: NA | I60: #N/A | J60: #N/A | K60: #N/A
A61: ADNP | B61: 1792 | C61: NA | D61: NA | E61: NA | F61: NA | I61: #N/A | J61: #N/A | K61: #N/A
A62: HOXA5 | B62: 1758 | C62: NA | D62: NA | E62: NA | F62: NA | I62: #N/A | J62: #N/A | K62: #N/A
A63: ZNF143 | B63: 1736 | C63: NA | D63: 1 | E63: NA | F63: 1 | I63: ZNF143 | J63: #N/A | K63: #N/A
A64: TRAFD1 | B64: 1546 | C64: NA | D64: NA | E64: NA | F64: NA | I64: #N/A | J64: #N/A | K64: #N/A
A65: ZBTB40 | B65: 1535 | C65: NA | D65: NA | E65: NA | F65: NA | I65: #N/A | J65: #N/A | K65: ZBTB40
A66: SOX12 | B66: 1508 | C66: NA | D66: NA | E66: NA | F66: NA | I66: #N/A | J66: #N/A | K66: #N/A
A67: AKAP8L | B67: 1490 | C67: NA | D67: NA | E67: NA | F67: NA | I67: #N/A | J67: #N/A | K67: #N/A
A68: ZNF581 | B68: 1316 | C68: NA | D68: NA | E68: NA | F68: NA | I68: #N/A | J68: #N/A | K68: #N/A
A69: MSX2 | B69: 1277 | C69: NA | D69: NA | E69: NA | F69: NA | I69: #N/A | J69: #N/A | K69: #N/A
A70: NEUROD4 | B70: 1262 | C70: NA | D70: NA | E70: NA | F70: NA | I70: #N/A | J70: #N/A | K70: #N/A
A71: NR1D2 | B71: 1262 | C71: NA | D71: NA | E71: NA | F71: NA | I71: #N/A | J71: #N/A | K71: #N/A
A72: HP1 | B72: 1243 | C72: NA | D72: NA | E72: NA | F72: NA | I72: #N/A | J72: #N/A | K72: #N/A
A73: ZNF606 | B73: 1235 | C73: NA | D73: NA | E73: NA | F73: NA | I73: #N/A | J73: #N/A | K73: ZNF606
A74: ZNF79 | B74: 1232 | C74: NA | D74: NA | E74: NA | F74: NA | I74: #N/A | J74: #N/A | K74: #N/A
A75: HOXD10 | B75: 1224 | C75: NA | D75: 1 | E75: NA | F75: 1 | I75: #N/A | J75: #N/A | K75: #N/A
A76: SREBF2 | B76: 1211 | C76: NA | D76: NA | E76: NA | F76: NA | I76: #N/A | J76: #N/A | K76: #N/A
A77: PCGF6 | B77: 1070 | C77: NA | D77: NA | E77: NA | F77: NA | I77: #N/A | J77: #N/A | K77: #N/A
A78: ZNF503 | B78: 1050 | C78: NA | D78: NA | E78: NA | F78: NA | I78: #N/A | J78: #N/A | K78: ZNF503
A79: SETDB1 | B79: 1028 | C79: NA | D79: NA | E79: NA | F79: NA | I79: #N/A | J79: #N/A | K79: #N/A
A80: HOXC4 | B80: 1023 | C80: NA | D80: NA | E80: NA | F80: NA | I80: #N/A | J80: #N/A | K80: #N/A

Sheet TF1000cells_unknown_motifs
A1: TF | B1: n_cells | C1: HOMER | D1: HOCOMOCO | E1: Codebook
A2: Still no motif in HOMER / HOCOMOCOv11 / Codebook top1 (Hughes 2026)
A4: RBBP4 | B4: 181396 | C4: #N/A | D4: Missing | E4: Missing
A5: XPA | B5: 50752 | C5: #N/A | D5: Missing | E5: Missing
A6: RBBP7 | B6: 39619 | C6: #N/A | D6: Missing | E6: Missing
A7: NME2 | B7: 30095 | C7: #N/A | D7: Missing | E7: Missing
A8: SAFB | B8: 9654 | C8: #N/A | D8: Missing | E8: Missing
A9: MTF2 | B9: 8746 | C9: #N/A | D9: Missing | E9: Missing
A10: HOXB9 | B10: 5903 | C10: #N/A | D10: Missing | E10: Missing
A11: DR1 | B11: 5661 | C11: #N/A | D11: Missing | E11: Missing
A12: PA2G4 | B12: 5319 | C12: #N/A | D12: Missing | E12: Missing
A13: ZNF512B | B13: 5185 | C13: #N/A | D13: Missing | E13: Missing
A14: ZNF644 | B14: 4749 | C14: #N/A | D14: Missing | E14: Missing
A15: EZH2 | B15: 3970 | C15: #N/A | D15: Missing | E15: Missing
... A37: HOXC4 | B37: 1023 | C37: #N/A | D37: Missing | E37: Missing

Sheet Codebook_rescued_from_unknown
A1: TF | B1: n_cells | C1: Codebook motif | D1: Note
A2: Previously listed as unknown (no HOMER/HOCOMOCO); now have a Codebook top1 PWM
A4: ZNF507 | B4: 30870 | C4: ZNF507 | D4: Moved off TF1000cells_unknown_motifs
A5: MBD3 | B5: 28330 | C5: MBD3 | D5: Moved off TF1000cells_unknown_motifs
A6: ZNF703 | B6: 21216 | C6: ZNF703 | D6: Moved off TF1000cells_unknown_motifs
A7: GLYR1 | B7: 16883 | C7: GLYR1 | D7: Moved off TF1000cells_unknown_motifs
A8: FLYWCH1 | B8: 5824 | C8: FLYWCH1 | D8: Moved off TF1000cells_unknown_motifs
A9: ZNF367 | B9: 4492 | C9: ZNF367 | D9: Moved off TF1000cells_unknown_motifs
A10: ZNF746 | B10: 3099 | C10: ZNF746 | D10: Moved off TF1000cells_unknown_motifs
A11: POGK | B11: 2651 | C11: POGK | D11: Moved off TF1000cells_unknown_motifs
A12: ZBTB40 | B12: 1535 | C12: ZBTB40 | D12: Moved off TF1000cells_unknown_motifs
A13: ZNF606 | B13: 1235 | C13: ZNF606 | D13: Moved off TF1000cells_unknown_motifs
A14: ZNF503 | B14: 1050 | C14: ZNF503 | D14: Moved off TF1000cells_unknown_motifs

Sheet TF1000cells_known_motifs
A2: TF | B2: Cell Count | C2: Raw | G2: Imputed Data: Whole Genome Background | K2: Imputed Data: Open Chromatin Region Backrgound | O2: HOCOMOCOv11 database | P2: Homer database
C3: AME motif for peaks | D3: Homer motif for peaks | E3: AME motif for bins | F3: Homer motif for bins | G3: AME motif for peaks | H3: Homer motif for peaks | I3: AME motif for bins | J3: Homer motif for bins | K3: AME motif for peaks | L3: Homer motif for peaks | M3: AME motif for bins | N3: Homer motif for bins
A4: NFYA | B4: 70292 | C4: 1.76e-14 | D4: NA | E4: F | F4: NA | G4: 0.000986 | H4: 1e-13 | I4: F | J4: 1.00E-330 | K4: F | L4: NA | M4: 1.38e-12 | N4: 1e-47 | O4: A | P4: NFYA
A5: SOX4 | B5: 64652 | C5: NA | D5: F | E5: 1.6e-34 | F5: 1e-05 | G5: F | H5: F | I5: F | J5: 1e-22 | K5: F | L5: F | M5: F | N5: F | O5: B | P5: Sox4
A6: E2F3 | B6: 30622 | C6: 4.44e-10 | D6: 1e-64 | E6: F | F6: 1e-85 | G6: 2.23e-05 | H6: 1e-70 | I6: F | J6: 1e-239 | K6: 1.21e-221 | L6: 1e-05 | M6: 7.58e-10 | N6: 1e-57 | O6: A | P6: E2F3
A7: CTCF | B7: 10410 | C7: F | D7: 1e-39 | E7: F | F7: 1e-68 | G7: F | H7: 1E-101 (#4) | I7: F | J7: 1e-36 | K7: 3.32e-32 | L7: NA | M7: 6e-38 | N7: NA | O7: A | P7: CTCF
A8: ZBTB7A | B8: 7005 | C8: F | D8: F | E8: F | F8: 0.0001 | G8: F | H8: 1e-48 | I8: F | J8: 1e-99 | K8: F | L8: 1e-59 | M8: F | N8: 0.0001 | O8: A | P8: ZBTB7A
A9: HOXA10 | B9: 6476 | C9: F | D9: F | E9: F | F9: 0.01 | G9: F | H9: 1e-06 | I9: F | J9: 1e-28 | K9: F | L9: F | M9: F | N9: F | O9: C | P9: HOXA10
A10: ZNF768 | B10: 5837 | C10: F | D10: F | E10: F | F10: F | G10: F | H10: 1e-05 | I10: F | J10: F | K10: F | L10: F | M10: F | N10: F | O10: C | P10: ZNF768
A11: RBPJ | B11: 5138 | C11: F | D11: NA | E11: F | F11: NA | G11: F | H11: NA | I11: F | J11: NA | K11: F | L11: NA | M11: F | N11: NA | O11: A | P11: #N/A
A12: FOXC1 | B12: 4760 | C12: F | D12: NA | E12: F | F12: NA | G12: F | H12: NA | I12: F | J12: NA | K12: F | L12: NA | M12: F | N12: NA | O12: C | P12: #N/A
A13: TBX3 | B13: 4391 | C13: F | D13: NA | E13: F | F13: NA | G13: F | H13: NA | I13: F | J13: NA | K13: F | L13: NA | M13: F | N13: NA | O13: C | P13: #N/A
A14: MAZ | B14: 3968 | C14: 1.93e-12 | D14: 0.001 | E14: F | F14: 1e-08 | G14: F | H14: 1e-159 | I14: F | J14: 1.00E-394 | K14: F | L14: 1e-125 | M14: F | N14: 1e-22 | O14: A | P14: Maz
A15: SMARCA1 | B15: 3745 | C15: F | D15: NA | E15: F | F15: NA | G15: F | H15: NA | I15: F | J15: NA | K15: F | L15: NA | M15: F | N15: NA | O15: C | P15: #N/A
A16: HOXC9 | B16: 3331 | C16: F | D16: 0.1 | E16: F | F16: F | G16: F | H16: 0.1 | I16: F | J16: 0.1 | K16: F | L16: F | M16: F | N16: 0.1 | O16: C | P16: Hoxc9
A17: FOXJ3 | B17: 2303 | C17: F | D17: NA | E17: F | F17: NA | G17: F | H17: NA | I17: F | J17: NA | K17: F | L17: NA | M17: F | N17: NA | O17: A | P17: #N/A
A18: RELA | B18: 2123 | C18: F | D18: NA | E18: F | F18: NA | G18: F | H18: NA | I18: F | J18: NA | K18: F | L18: NA | M18: F | N18: NA | O18: A | P18: #N/A
A19: HOXB8 | B19: 1980 | C19: F | D19: NA | E19: F | F19: NA | G19: F | H19: NA | I19: F | J19: NA | K19: F | L19: NA | M19: F | N19: NA | O19: C | P19: #N/A
A20: MEF2D | B20: 1764 | C20: F | D20: F | E20: F | F20: NA | G20: 0.00432 | H20: F | I20: F | J20: 0.01 | K20: F | L20: F | M20: F | N20: F | O20: A | P20: Mef2d
A21: ZNF143 | B21: 1736 | C21: F | D21: F | E21: F | F21: F | G21: F | H21: F | I21: F | J21: F | K21: F | L21: F | M21: F | N21: F | O21: A | P21: ZNF143
A22: ETS2 | B22: 1637 | C22: F | D22: NA | E22: F | F22: NA | G22: F | H22: NA | I22: F | J22: NA | K22: F | L22: NA | M22: F | N22: NA | O22: B | P22: #N/A
A23: NRF1 | B23: 1416 | C23: F | D23: 1e-22 | E23: F | F23: 1e-18 | G23: F | H23: 1e-24 | I23: F | J23: 1e-107 | K23: 7.86e-305 | L23: F | M23: F | N23: 1e-69 | O23: A | P23: NRF1
A24: SREBF2 | B24: 1211 | C24: F | D24: NA | E24: F | F24: NA | G24: F | H24: NA | I24: F | J24: NA | K24: F | L24: NA | M24: F | N24: NA | O24: B | P24: #N/A
A25: FOXK1 | B25: 1202 | C25: F | D25: F | E25: F | F25: F | G25: F | H25: F | I25: F | J25: 1e-25 | K25: F | L25: F | M25: F | N25: F | O25: A | P25: FOXK1
A26: EPAS1 | B26: 1046 | C26: F | D26: NA | E26: F | F26: NA | G26: F | H26: NA | I26: F | J26: NA | K26: F | L26: NA | M26: 7.8e-15 | N26: NA | O26: B | P26: #N/A
A27: MEF2A | B27: 1027 | C27: F | D27: F | E27: F | F27: F | G27: F | H27: F | I27: F | J27: F | K27: F | L27: 1e-07 | M27: F | N27: F | O27: A | P27: MEF2A
A29: F= Target motif not found in results; NA= TF not present in library

Sheet TF1000cells_known_motifs (Full)
A2: TF | B2: Cell Count | C2: Raw | G2: Imputed Data: Whole Genome Background | K2: Imputed Data: Open Chromatin Region Backrgound | O2: HOCOMOCOv11 database | P2: Homer database
C3: AME motif for peaks | D3: Homer motif for peaks | E3: AME motif for bins | F3: Homer motif for bins | G3: AME motif for peaks | H3: Homer motif for peaks | I3: AME motif for bins | J3: Homer motif for bins | K3: AME motif for peaks | L3: Homer motif for peaks | M3: AME motif for bins | N3: Homer motif for bins
A4: NFYA | B4: 70292 | C4: 1.76e-14 | D4: NA | E4: F | F4: NA | G4: 0.000986 | H4: NA | I4: F | J4: NA | K4: F | L4: NA | M4: 1.38e-12 | N4: NA | O4: A | P4: #N/A
A5: SOX4 | B5: 64652 | C5: NA | D5: 1 | E5: 1.6e-34 | F5: 1e-05 | H5: 1 | I5: F | J5: 1e-22 | K5: F | L5: 1 | M5: F | N5: 1 | O5: B | P5: Sox4
A6: E2F3 | B6: 30622 | C6: 4.44e-10 | D6: 1e-64 | E6: F | F6: 1e-85 | G6: 2.23e-05 | H6: 1e-70 | I6: F | J6: 1e-239 | K6: 1.21e-221 | L6: 0.1 | M6: 7.58e-10 | N6: 1e-57 | O6: A | P6: E2F3
A7: MLX | B7: 23262 | C7: F | D7: NA | E7: F | F7: NA | G7: F | H7: NA | I7: F | J7: NA | K7: 3.32e-32 | L7: NA | M7: 6e-38 | N7: NA | O7: D | P7: #N/A
A8: DDIT3 | B8: 22129 | C8: F | D8: NA | E8: F | F8: NA | G8: 2.17e-18 | H8: NA | I8: F | J8: NA | K8: F | L8: NA | M8: F | N8: NA | O8: D | P8: #N/A
A9: E4F1 | B9: 12061 | C9: F | D9: NA | E9: F | F9: NA | G9: F | H9: NA | I9: F | J9: NA | K9: F | L9: NA | M9: 1.87e-20 | N9: NA | O9: D | P9: #N/A
A10: CTCF | B10: 10410 | C10: F | D10: 1e-39 | E10: F | F10: 1e-68 | G10: F | H10: 1e-101 | I10: F | J10: 1e-36 | K10: F | L10: 1 | M10: 1.61e-11 | N10: 1 | O10: A | P10: CTCF
A11: ZBTB7A | B11: 7005 | C11: F | D11: 1 | E11: F | F11: 0.0001 | G11: F | H11: F | I11: F | J11: F | K11: F | L11: F | M11: F | N11: F | O11: A | P11: ZBTB7A
A12: HOXA10 | B12: 6476 | C12: F | D12: 1 | E12: F | F12: 0.01 | G12: F | H12: NA | I12: F | J12: NA | K12: F | L12: NA | M12: F | N12: NA | O12: C | P12: #N/A
A13: ZNF768 | B13: 5837 | C13: F | D13: 1 | E13: F | F13: 1 | O13: C | P13: ZNF768
A14: HOXB6 | B14: 5703 | C14: F | D14: NA | E14: F | F14: NA | H14: NA | I14: F | J14: NA | K14: F | L14: NA | M14: F | N14: NA | O14: D | P14: #N/A
A15: RBPJ | B15: 5138 | C15: F | D15: 1 | E15: F | F15: 0.1 | G15: F | H15: NA | I15: F | J15: NA | K15: F | L15: NA | M15: F | N15: NA | O15: A | P15: #N/A
A16: ZIC2 | B16: 4896 | C16: F | D16: 1 | E16: F | F16: 1 | G16: F | H16: 0.001 | I16: F | J16: 1 | K16: F | L16: 1 | M16: F | N16: 1 | O16: D | P16: Zic2
A17: FOXC1 | B17: 4760 | C17: F | D17: NA | E17: F | F17: NA | G17: F | H17: NA | I17: F | J17: NA | K17: F | L17: NA | M17: F | N17: NA | O17: C | P17: #N/A
A18: TBX3 | B18: 4391 | C18: F | D18: NA | E18: F | F18: NA | G18: F | H18: NA | I18: F | J18: NA | K18: F | L18: NA | M18: F | N18: NA | O18: C | P18: #N/A
A19: HES1 | B19: 4325 | C19: F | D19: NA | E19: F | F19: NA | G19: F | H19: NA | I19: F | J19: NA | K19: F | L19: NA | M19: 6.78e-07 | N19: NA | O19: D | P19: #N/A
A20: MAZ | B20: 3968 | C20: 1.93e-12 | D20: 0.001 | E20: F | F20: 1e-08 | H20: 1e-159 | I20: F | J20: 0 | K20: 0 | L20: 1e-25 | M20: 0 | N20: 1e-22 | O20: A | P20: Maz
A21: SMARCA1 | B21: 3745 | C21: F | D21: NA | E21: F | F21: NA | G21: F | H21: NA | I21: F | J21: NA | K21: F | L21: NA | M21: F | N21: NA | O21: C | P21: #N/A
A22: HOXC9 | B22: 3331 | C22: F | D22: 0.1 | E22: F | F22: 1 | H22: 0.1 | I22: F | J22: 0.1 | K22: F | L22: 1 | M22: F | N22: 0.1 | O22: C | P22: Hoxc9
A23: ZNF282 | B23: 2959 | C23: F | D23: NA | E23: F | F23: NA | G23: F | H23: NA | I23: F | J23: NA | K23: F | L23: NA | M23: F | N23: NA | O23: D | P23: #N/A
A24: FOXJ3 | B24: 2303 | C24: F | D24: NA | E24: F | F24: NA | G24: F | H24: NA | I24: F | J24: NA | K24: F | L24: NA | M24: F | N24: NA | O24: A | P24: #N/A
A25: RELA | B25: 2123 | C25: F | D25: NA | E25: F | F25: NA | G25: F | H25: NA | I25: F | J25: NA | K25: F | L25: NA | M25: F | N25: NA | O25: A | P25: #N/A
A26: HOXB8 | B26: 1980 | C26: F | D26: NA | E26: F | F26: NA | G26: F | H26: NA | I26: F | J26: NA | K26: F | L26: NA | M26: F | N26: NA | O26: C | P26: #N/A
A27: MEF2D | B27: 1764 | C27: F | D27: 1 | E27: F | F27: NA | G27: 0.00432 | H27: 1 | I27: F | J27: 0.01 | K27: F | L27: 1 | M27: F | N27: 1 | O27: A | P27: Mef2d
A28: HOXA5 | B28: 1758 | C28: F | D28: NA | E28: F | F28: NA | G28: F | H28: NA | I28: F | J28: NA | K28: F | L28: NA | M28: F | N28: NA | O28: D | P28: #N/A
A29: ZNF143 | B29: 1736 | C29: F | D29: 1 | E29: F | F29: 1 | G29: F | H29: F | I29: F | J29: F | K29: F | L29: F | M29: F | N29: F | O29: A | P29: ZNF143
A30: ETS2 | B30: 1637 | C30: F | D30: NA | E30: F | F30: NA | G30: F | H30: NA | I30: F | J30: NA | K30: F | L30: NA | M30: F | N30: NA | O30: B | P30: #N/A
A31: NRF1 | B31: 1416 | C31: F | D31: 1e-22 | E31: F | F31: 1e-18 | G31: F | H31: 1e-24 | I31: F | J31: 1e-107 | K31: 7.86e-305 | L31: 1 | M31: 0 | N31: 1e-69 | O31: A | P31: NRF1
A32: MSX2 | B32: 1277 | C32: F | D32: NA | E32: F | F32: NA | G32: F | H32: NA | I32: F | J32: NA | K32: F | L32: NA | M32: F | N32: NA | O32: D | P32: #N/A
A33: HOXD10 | B33: 1224 | C33: F | D33: 1 | E33: F | F33: 1 | G33: F | H33: NA | I33: F | J33: NA | K33: F | L33: NA | M33: F | N33: NA | O33: D | P33: #N/A
A34: SREBF2 | B34: 1211 | C34: F | D34: NA | E34: F | F34: NA | G34: F | H34: NA | I34: F | J34: NA | K34: F | L34: NA | M34: F | N34: NA | O34: B | P34: #N/A
A35: FOXK1 | B35: 1202 | C35: F | D35: 1 | E35: F | F35: 1 | G35: F | H35: 1 | I35: F | J35: 1e-25 | K35: F | L35: 1 | M35: F | N35: 1 | O35: A | P35: FOXK1
A36: EPAS1 | B36: 1046 | C36: F | D36: NA | E36: F | F36: NA | G36: F | H36: NA | I36: F | J36: NA | K36: F | L36: NA | M36: 7.8e-15 | N36: NA | O36: B | P36: #N/A
A37: MEF2A | B37: 1027 | C37: F | D37: 1 | E37: F | F37: 1 | G37: F | H37: NA | I37: F | J37: NA | K37: F | L37: NA | M37: F | N37: NA | O37: A | P37: #N/A
A39: F= Target motif not found in results; NA= TF not present in library
A40: Colored rows are using HOCOMOCO v11 Full dataset (with low quality D)

Sheet known_motifs
A1: TF | B1: Count of Cells | C1: HOMER | D1: AME-MEME (HOCOMOCO v11 core) | E1: AME-MEME (HOCOMOCO v11 full) | F1: Codebook
A2: CTCF | B2: 10410 | C2: CTCF | D2: =_xlfn.XLOOKUP(A2, HOCOMOCOv11_core_annotation_HUM!$B:$B, HOCOMOCOv11_core_annotation_HUM!$D:$D, "Missing") | E2: =_xlfn.XLOOKUP(A2, HOCOMOCOv11_full_annotation_HUM!$B:$B, HOCOMOCOv11_full_annotation_HUM!$D:$D, "Missing") | F2: CTCF
A3: E2F3 | B3: 30622 | C3: E2F3 | D3: =_xlfn.XLOOKUP(A3, HOCOMOCOv11_core_annotation_HUM!$B:$B, HOCOMOCOv11_core_annotation_HUM!$D:$D, "Missing") | E3: =_xlfn.XLOOKUP(A3, HOCOMOCOv11_full_annotation_HUM!$B:$B, HOCOMOCOv11_full_annotation_HUM!$D:$D, "Missing") | F3: Missing
A4: FOXJ3 | B4: 2303 | C4: #N/A | D4: =_xlfn.XLOOKUP(A4, HOCOMOCOv11_core_annotation_HUM!$B:$B, HOCOMOCOv11_core_annotation_HUM!$D:$D, "Missing") | E4: =_xlfn.XLOOKUP(A4, HOCOMOCOv11_full_annotation_HUM!$B:$B, HOCOMOCOv11_full_annotation_HUM!$D:$D, "Missing") | F4: Missing
A5: FOXK1 | B5: 1202 | C5: FOXK1 | D5: =_xlfn.XLOOKUP(A5, HOCOMOCOv11_core_annotation_HUM!$B:$B, HOCOMOCOv11_core_annotation_HUM!$D:$D, "Missing") | E5: =_xlfn.XLOOKUP(A5, HOCOMOCOv11_full_annotation_HUM!$B:$B, HOCOMOCOv11_full_annotation_HUM!$D:$D, "Missing") | F5: Missing
A6: MAZ | B6: 3968 | C6: Maz | D6: =_xlfn.XLOOKUP(A6, HOCOMOCOv11_core_annotation_HUM!$B:$B, HOCOMOCOv11_core_annotation_HUM!$D:$D, "Missing") | E6: =_xlfn.XLOOKUP(A6, HOCOMOCOv11_full_annotation_HUM!$B:$B, HOCOMOCOv11_full_annotation_HUM!$D:$D, "Missing") | F6: Missing
A7: MEF2A | B7: 1027 | C7: #N/A | D7: =_xlfn.XLOOKUP(A7, HOCOMOCOv11_core_annotation_HUM!$B:$B, HOCOMOCOv11_core_annotation_HUM!$D:$D, "Missing") | E7: =_xlfn.XLOOKUP(A7, HOCOMOCOv11_full_annotation_HUM!$B:$B, HOCOMOCOv11_full_annotation_HUM!$D:$D, "Missing") | F7: Missing
A8: MEF2D | B8: 1764 | C8: Mef2d | D8: =_xlfn.XLOOKUP(A8, HOCOMOCOv11_core_annotation_HUM!$B:$B, HOCOMOCOv11_core_annotation_HUM!$D:$D, "Missing") | E8: =_xlfn.XLOOKUP(A8, HOCOMOCOv11_full_annotation_HUM!$B:$B, HOCOMOCOv11_full_annotation_HUM!$D:$D, "Missing") | F8: Missing
A9: NFYA | B9: 70292 | C9: #N/A | D9: =_xlfn.XLOOKUP(A9, HOCOMOCOv11_core_annotation_HUM!$B:$B, HOCOMOCOv11_core_annotation_HUM!$D:$D, "Missing") | E9: =_xlfn.XLOOKUP(A9, HOCOMOCOv11_full_annotation_HUM!$B:$B, HOCOMOCOv11_full_annotation_HUM!$D:$D, "Missing") | F9: Missing
A10: NRF1 | B10: 1416 | C10: NRF1 | D10: =_xlfn.XLOOKUP(A10, HOCOMOCOv11_core_annotation_HUM!$B:$B, HOCOMOCOv11_core_annotation_HUM!$D:$D, "Missing") | E10: =_xlfn.XLOOKUP(A10, HOCOMOCOv11_full_annotation_HUM!$B:$B, HOCOMOCOv11_full_annotation_HUM!$D:$D, "Missing") | F10: Missing
A11: ZBTB7A | B11: 7005 | C11: ZBTB7A | D11: =_xlfn.XLOOKUP(A11, HOCOMOCOv11_core_annotation_HUM!$B:$B, HOCOMOCOv11_core_annotation_HUM!$D:$D, "Missing") | E11: =_xlfn.XLOOKUP(A11, HOCOMOCOv11_full_annotation_HUM!$B:$B, HOCOMOCOv11_full_annotation_HUM!$D:$D, "Missing") | F11: Missing
A12: RBPJ | B12: 5138 | C12: #N/A | D12: =_xlfn.XLOOKUP(A12, HOCOMOCOv11_core_annotation_HUM!$B:$B, HOCOMOCOv11_core_annotation_HUM!$D:$D, "Missing") | E12: =_xlfn.XLOOKUP(A12, HOCOMOCOv11_full_annotation_HUM!$B:$B, HOCOMOCOv11_full_annotation_HUM!$D:$D, "Missing") | F12: Missing
A13: RELA | B13: 2123 | C13: #N/A | D13: =_xlfn.XLOOKUP(A13, HOCOMOCOv11_core_annotation_HUM!$B:$B, HOCOMOCOv11_core_annotation_HUM!$D:$D, "Missing") | E13: =_xlfn.XLOOKUP(A13, HOCOMOCOv11_full_annotation_HUM!$B:$B, HOCOMOCOv11_full_annotation_HUM!$D:$D, "Missing") | F13: Missing
A14: ZNF143 | B14: 1736 | C14: ZNF143 | D14: =_xlfn.XLOOKUP(A14, HOCOMOCOv11_core_annotation_HUM!$B:$B, HOCOMOCOv11_core_annotation_HUM!$D:$D, "Missing") | E14: =_xlfn.XLOOKUP(A14, HOCOMOCOv11_full_annotation_HUM!$B:$B, HOCOMOCOv11_full_annotation_HUM!$D:$D, "Missing") | F14: Missing
A15: EPAS1 | B15: 1046 | C15: #N/A | D15: =_xlfn.XLOOKUP(A15, HOCOMOCOv11_core_annotation_HUM!$B:$B, HOCOMOCOv11_core_annotation_HUM!$D:$D, "Missing") | E15: =_xlfn.XLOOKUP(A15, HOCOMOCOv11_full_annotation_HUM!$B:$B, HOCOMOCOv11_full_annotation_HUM!$D:$D, "Missing") | F15: Missing
A16: ETS2 | B16: 1637 | C16: #N/A | D16: =_xlfn.XLOOKUP(A16, HOCOMOCOv11_core_annotation_HUM!$B:$B, HOCOMOCOv11_core_annotation_HUM!$D:$D, "Missing") | E16: =_xlfn.XLOOKUP(A16, HOCOMOCOv11_full_annotation_HUM!$B:$B, HOCOMOCOv11_full_annotation_HUM!$D:$D, "Missing") | F16: Missing
A17: SOX4 | B17: 64652 | C17: Sox4 | D17: =_xlfn.XLOOKUP(A17, HOCOMOCOv11_core_annotation_HUM!$B:$B, HOCOMOCOv11_core_annotation_HUM!$D:$D, "Missing") | E17: =_xlfn.XLOOKUP(A17, HOCOMOCOv11_full_annotation_HUM!$B:$B, HOCOMOCOv11_full_annotation_HUM!$D:$D, "Missing") | F17: Missing
A18: SREBF2 | B18: 1211 | C18: #N/A | D18: =_xlfn.XLOOKUP(A18, HOCOMOCOv11_core_annotation_HUM!$B:$B, HOCOMOCOv11_core_annotation_HUM!$D:$D, "Missing") | E18: =_xlfn.XLOOKUP(A18, HOCOMOCOv11_full_annotation_HUM!$B:$B, HOCOMOCOv11_full_annotation_HUM!$D:$D, "Missing") | F18: Missing
A19: FOXC1 | B19: 4760 | C19: #N/A | D19: =_xlfn.XLOOKUP(A19, HOCOMOCOv11_core_annotation_HUM!$B:$B, HOCOMOCOv11_core_annotation_HUM!$D:$D, "Missing") | E19: =_xlfn.XLOOKUP(A19, HOCOMOCOv11_full_annotation_HUM!$B:$B, HOCOMOCOv11_full_annotation_HUM!$D:$D, "Missing") | F19: Missing
A20: TBX3 | B20: 4391 | C20: #N/A | D20: =_xlfn.XLOOKUP(A20, HOCOMOCOv11_core_annotation_HUM!$B:$B, HOCOMOCOv11_core_annotation_HUM!$D:$D, "Missing") | E20: =_xlfn.XLOOKUP(A20, HOCOMOCOv11_full_annotation_HUM!$B:$B, HOCOMOCOv11_full_annotation_HUM!$D:$D, "Missing") | F20: Missing
A21: HOXA10 | B21: 6476 | C21: #N/A | D21: =_xlfn.XLOOKUP(A21, HOCOMOCOv11_core_annotation_HUM!$B:$B, HOCOMOCOv11_core_annotation_HUM!$D:$D, "Missing") | E21: =_xlfn.XLOOKUP(A21, HOCOMOCOv11_full_annotation_HUM!$B:$B, HOCOMOCOv11_full_annotation_HUM!$D:$D, "Missing") | F21: Missing
A22: ZNF768 | B22: 5837 | C22: ZNF768 | D22: =_xlfn.XLOOKUP(A22, HOCOMOCOv11_core_annotation_HUM!$B:$B, HOCOMOCOv11_core_annotation_HUM!$D:$D, "Missing") | E22: =_xlfn.XLOOKUP(A22, HOCOMOCOv11_full_annotation_HUM!$B:$B, HOCOMOCOv11_full_annotation_HUM!$D:$D, "Missing") | F22: Missing
A23: SMARCA1 | B23: 3745 | C23: #N/A | D23: =_xlfn.XLOOKUP(A23, HOCOMOCOv11_core_annotation_HUM!$B:$B, HOCOMOCOv11_core_annotation_HUM!$D:$D, "Missing") | E23: =_xlfn.XLOOKUP(A23, HOCOMOCOv11_full_annotation_HUM!$B:$B, HOCOMOCOv11_full_annotation_HUM!$D:$D, "Missing") | F23: Missing
A24: HOXC9 | B24: 3331 | C24: Hoxc9 | D24: =_xlfn.XLOOKUP(A24, HOCOMOCOv11_core_annotation_HUM!$B:$B, HOCOMOCOv11_core_annotation_HUM!$D:$D, "Missing") | E24: =_xlfn.XLOOKUP(A24, HOCOMOCOv11_full_annotation_HUM!$B:$B, HOCOMOCOv11_full_annotation_HUM!$D:$D, "Missing") | F24: Missing
A25: HOXB8 | B25: 1980 | C25: #N/A | D25: =_xlfn.XLOOKUP(A25, HOCOMOCOv11_core_annotation_HUM!$B:$B, HOCOMOCOv11_core_annotation_HUM!$D:$D, "Missing") | E25: =_xlfn.XLOOKUP(A25, HOCOMOCOv11_full_annotation_HUM!$B:$B, HOCOMOCOv11_full_annotation_HUM!$D:$D, "Missing") | F25: Missing
A26: MLX | B26: 23262 | C26: #N/A | D26: =_xlfn.XLOOKUP(A26, HOCOMOCOv11_core_annotation_HUM!$B:$B, HOCOMOCOv11_core_annotation_HUM!$D:$D, "Missing") | E26: =_xlfn.XLOOKUP(A26, HOCOMOCOv11_full_annotation_HUM!$B:$B, HOCOMOCOv11_full_annotation_HUM!$D:$D, "Missing") | F26: Missing
A27: DDIT3 | B27: 22129 | C27: #N/A | D27: =_xlfn.XLOOKUP(A27, HOCOMOCOv11_core_annotation_HUM!$B:$B, HOCOMOCOv11_core_annotation_HUM!$D:$D, "Missing") | E27: =_xlfn.XLOOKUP(A27, HOCOMOCOv11_full_annotation_HUM!$B:$B, HOCOMOCOv11_full_annotation_HUM!$D:$D, "Missing") | F27: Missing
A28: E4F1 | B28: 12061 | C28: #N/A | D28: =_xlfn.XLOOKUP(A28, HOCOMOCOv11_core_annotation_HUM!$B:$B, HOCOMOCOv11_core_annotation_HUM!$D:$D, "Missing") | E28: =_xlfn.XLOOKUP(A28, HOCOMOCOv11_full_annotation_HUM!$B:$B, HOCOMOCOv11_full_annotation_HUM!$D:$D, "Missing") | F28: Missing
A29: HOXB6 | B29: 5703 | C29: #N/A | D29: =_xlfn.XLOOKUP(A29, HOCOMOCOv11_core_annotation_HUM!$B:$B, HOCOMOCOv11_core_annotation_HUM!$D:$D, "Missing") | E29: =_xlfn.XLOOKUP(A29, HOCOMOCOv11_full_annotation_HUM!$B:$B, HOCOMOCOv11_full_annotation_HUM!$D:$D, "Missing") | F29: Missing
A30: ZIC2 | B30: 4896 | C30: Zic2 | D30: =_xlfn.XLOOKUP(A30, HOCOMOCOv11_core_annotation_HUM!$B:$B, HOCOMOCOv11_core_annotation_HUM!$D:$D, "Missing") | E30: =_xlfn.XLOOKUP(A30, HOCOMOCOv11_full_annotation_HUM!$B:$B, HOCOMOCOv11_full_annotation_HUM!$D:$D, "Missing") | F30: Missing
A31: HES1 | B31: 4325 | C31: #N/A | D31: =_xlfn.XLOOKUP(A31, HOCOMOCOv11_core_annotation_HUM!$B:$B, HOCOMOCOv11_core_annotation_HUM!$D:$D, "Missing") | E31: =_xlfn.XLOOKUP(A31, HOCOMOCOv11_full_annotation_HUM!$B:$B, HOCOMOCOv11_full_annotation_HUM!$D:$D, "Missing") | F31: Missing
A32: ZNF282 | B32: 2959 | C32: #N/A | D32: =_xlfn.XLOOKUP(A32, HOCOMOCOv11_core_annotation_HUM!$B:$B, HOCOMOCOv11_core_annotation_HUM!$D:$D, "Missing") | E32: =_xlfn.XLOOKUP(A32, HOCOMOCOv11_full_annotation_HUM!$B:$B, HOCOMOCOv11_full_annotation_HUM!$D:$D, "Missing") | F32: Missing
A33: HOXA5 | B33: 1758 | C33: #N/A | D33: =_xlfn.XLOOKUP(A33, HOCOMOCOv11_core_annotation_HUM!$B:$B, HOCOMOCOv11_core_annotation_HUM!$D:$D, "Missing") | E33: =_xlfn.XLOOKUP(A33, HOCOMOCOv11_full_annotation_HUM!$B:$B, HOCOMOCOv11_full_annotation_HUM!$D:$D, "Missing") | F33: Missing
A34: MSX2 | B34: 1277 | C34: #N/A | D34: =_xlfn.XLOOKUP(A34, HOCOMOCOv11_core_annotation_HUM!$B:$B, HOCOMOCOv11_core_annotation_HUM!$D:$D, "Missing") | E34: =_xlfn.XLOOKUP(A34, HOCOMOCOv11_full_annotation_HUM!$B:$B, HOCOMOCOv11_full_annotation_HUM!$D:$D, "Missing") | F34: Missing
A35: HOXD10 | B35: 1224 | C35: #N/A | D35: =_xlfn.XLOOKUP(A35, HOCOMOCOv11_core_annotation_HUM!$B:$B, HOCOMOCOv11_core_annotation_HUM!$D:$D, "Missing") | E35: =_xlfn.XLOOKUP(A35, HOCOMOCOv11_full_annotation_HUM!$B:$B, HOCOMOCOv11_full_annotation_HUM!$D:$D, "Missing") | F35: Missing
A36: RBBP4 | B36: 181396 | C36: #N/A | D36: =_xlfn.XLOOKUP(A36, HOCOMOCOv11_core_annotation_HUM!$B:$B, HOCOMOCOv11_core_annotation_HUM!$D:$D, "Missing") | E36: =_xlfn.XLOOKUP(A36, HOCOMOCOv11_full_annotation_HUM!$B:$B, HOCOMOCOv11_full_annotation_HUM!$D:$D, "Missing") | F36: Missing
A37: XPA | B37: 50752 | C37: #N/A | D37: =_xlfn.XLOOKUP(A37, HOCOMOCOv11_core_annotation_HUM!$B:$B, HOCOMOCOv11_core_annotation_HUM!$D:$D, "Missing") | E37: =_xlfn.XLOOKUP(A37, HOCOMOCOv11_full_annotation_HUM!$B:$B, HOCOMOCOv11_full_annotation_HUM!$D:$D, "Missing") | F37: Missing
A38: RBBP7 | B38: 39619 | C38: #N/A | D38: =_xlfn.XLOOKUP(A38, HOCOMOCOv11_core_annotation_HUM!$B:$B, HOCOMOCOv11_core_annotation_HUM!$D:$D, "Missing") | E38: =_xlfn.XLOOKUP(A38, HOCOMOCOv11_full_annotation_HUM!$B:$B, HOCOMOCOv11_full_annotation_HUM!$D:$D, "Missing") | F38: Missing
A39: ZNF507 | B39: 30870 | C39: #N/A | D39: =_xlfn.XLOOKUP(A39, HOCOMOCOv11_core_annotation_HUM!$B:$B, HOCOMOCOv11_core_annotation_HUM!$D:$D, "Missing") | E39: =_xlfn.XLOOKUP(A39, HOCOMOCOv11_full_annotation_HUM!$B:$B, HOCOMOCOv11_full_annotation_HUM!$D:$D, "Missing") | F39: ZNF507
A40: NME2 | B40: 30095 | C40: #N/A | D40: =_xlfn.XLOOKUP(A40, HOCOMOCOv11_core_annotation_HUM!$B:$B, HOCOMOCOv11_core_annotation_HUM!$D:$D, "Missing") | E40: =_xlfn.XLOOKUP(A40, HOCOMOCOv11_full_annotation_HUM!$B:$B, HOCOMOCOv11_full_annotation_HUM!$D:$D, "Missing") | F40: Missing
A41: MBD3 | B41: 28330 | C41: #N/A | D41: =_xlfn.XLOOKUP(A41, HOCOMOCOv11_core_annotation_HUM!$B:$B, HOCOMOCOv11_core_annotation_HUM!$D:$D, "Missing") | E41: =_xlfn.XLOOKUP(A41, HOCOMOCOv11_full_annotation_HUM!$B:$B, HOCOMOCOv11_full_annotation_HUM!$D:$D, "Missing") | F41: MBD3
A42: ZNF703 | B42: 21216 | C42: #N/A | D42: =_xlfn.XLOOKUP(A42, HOCOMOCOv11_core_annotation_HUM!$B:$B, HOCOMOCOv11_core_annotation_HUM!$D:$D, "Missing") | E42: =_xlfn.XLOOKUP(A42, HOCOMOCOv11_full_annotation_HUM!$B:$B, HOCOMOCOv11_full_annotation_HUM!$D:$D, "Missing") | F42: ZNF703
... A80: HOXC4 | B80: 1023 | C80: #N/A | D80: =_xlfn.XLOOKUP(A80, HOCOMOCOv11_core_annotation_HUM!$B:$B, HOCOMOCOv11_core_annotation_HUM!$D:$D, "Missing") | E80: =_xlfn.XLOOKUP(A80, HOCOMOCOv11_full_annotation_HUM!$B:$B, HOCOMOCOv11_full_annotation_HUM!$D:$D, "Missing") | F80: Missing
E84: 9

Sheet HOCOMOCOv11_full_annotation_HUM
A1: Model | B1: Transcription factor | C1: Model length | D1: Quality | E1: Model rank | F1: Consensus | G1: Model release | H1: Data source | I1: Best auROC (human) | J1: Best auROC (mouse) | K1: Peak sets in benchmark (human) | L1: Peak sets in benchmark (mouse) | M1: Aligned words | N1: TF family | O1: TF subfamily | P1: HGNC | Q1: EntrezGene | R1: UniProt ID | S1: UniProt AC
A2: AHR_HUMAN.H11MO.0.B | B2: AHR | C2: 9 | D2: B | E2: 0 | F2: dKhGCGTGh | G2: HOCOMOCOv9 | H2: Integrative | M2: 157 | N2: PAS domain factors{1.2.5} | O2: Ahr-like factors{1.2.5.1} | P2: 348 | Q2: 196 | R2: AHR_HUMAN | S2: P35869
A3: AIRE_HUMAN.H11MO.0.C | B3: AIRE | C3: 18 | D3: C | E3: 0 | F3: hnnGGWWnddWWGGdbWh | G3: HOCOMOCOv9 | H3: Integrative | M3: 41 | N3: AIRE{5.3.1} | O3: AIRE{5.3.1.0.1} | P3: 360 | Q3: 326 | R3: AIRE_HUMAN | S3: O43918
A4: ALX1_HUMAN.H11MO.0.B | B4: ALX1 | C4: 12 | D4: B | E4: 0 | F4: vTRATYGnATTA | G4: HOCOMOCOv9 | H4: Integrative | M4: 33 | N4: Paired-related HD factors{3.1.3} | O4: ALX{3.1.3.1} | P4: 1494 | Q4: 8092 | R4: ALX1_HUMAN | S4: Q15699
A5: ALX3_HUMAN.H11MO.0.D | B5: ALX3 | C5: 11 | D5: D | E5: 0 | F5: TAATTARMTWW | G5: HOCOMOCOv10 | H5: HT-SELEX | M5: 8583 | N5: Paired-related HD factors{3.1.3} | O5: ALX{3.1.3.1} | P5: 449 | Q5: 257 | R5: ALX3_HUMAN | S5: O95076
A6: ALX4_HUMAN.H11MO.0.D | B6: ALX4 | C6: 12 | D6: D | E6: 0 | F6: hTAATTARATTA | G6: HOCOMOCOv10 | H6: HT-SELEX | M6: 23663 | N6: Paired-related HD factors{3.1.3} | O6: ALX{3.1.3.1} | P6: 450 | Q6: 60529 | R6: ALX4_HUMAN | S6: Q9H161
A7: ANDR_HUMAN.H11MO.0.A | B7: AR | C7: 18 | D7: A | E7: 0 | F7: WKThYYddbhTRTTTRYh | G7: HOCOMOCOv11 | H7: ChIP-Seq | I7: 0.9598371 | J7: 0.81079115 | K7: 461 | L7: 57 | M7: 499 | N7: Steroid hormone receptors (NR3){2.1.1} | O7: GR-like receptors (NR3C){2.1.1.1} | P7: 644 | Q7: 367 | R7: ANDR_HUMAN | S7: P10275
A8: ANDR_HUMAN.H11MO.1.A | B8: AR | C8: 16 | D8: A | E8: 1 | F8: dGnACWbTbWGTdCYb | G8: HOCOMOCOv11 | H8: ChIP-Seq | I8: 0.96980048 | J8: 0.99120183 | K8: 461 | L8: 57 | M8: 500 | N8: Steroid hormone receptors (NR3){2.1.1} | O8: GR-like receptors (NR3C){2.1.1.1} | P8: 644 | Q8: 367 | R8: ANDR_HUMAN | S8: P10275
A9: ANDR_HUMAN.H11MO.2.A | B9: AR | C9: 12 | D9: A | E9: 2 | F9: nhbTGTKCYhdb | G9: HOCOMOCOv11 | H9: ChIP-Seq | I9: 0.90120128 | J9: 0.88735693 | K9: 461 | L9: 57 | M9: 500 | N9: Steroid hormone receptors (NR3){2.1.1} | O9: GR-like receptors (NR3C){2.1.1.1} | P9: 644 | Q9: 367 | R9: ANDR_HUMAN | S9: P10275
A10: AP2A_HUMAN.H11MO.0.A | B10: TFAP2A | C10: 15 | D10: A | E10: 0 | F10: dddSCCTGRGGShdd | G10: HOCOMOCOv10 | H10: ChIP-Seq | I10: 0.95556087 | J10: 0.93658649 | K10: 13 | L10: 13 | M10: 500 | N10: AP-2{1.3.1} | O10: AP-2alpha{1.3.1.0.1} | P10: 11742 | Q10: 7020 | R10: AP2A_HUMAN | S10: P05549
A11: AP2B_HUMAN.H11MO.0.B | B11: TFAP2B | C11: 10 | D11: B | E11: 0 | F11: GSCYGRGGRv | G11: HOCOMOCOv9 | H11: Integrative | M11: 30 | N11: AP-2{1.3.1} | O11: AP-2beta{1.3.1.0.2} | P11: 11743 | Q11: 7021 | R11: AP2B_HUMAN | S11: Q92481
A12: AP2C_HUMAN.H11MO.0.A | B12: TFAP2C | C12: 14 | D12: A | E12: 0 | F12: vddSCCTGRGGShv | G12: HOCOMOCOv10 | H12: ChIP-Seq | I12: 0.94994854 | J12: 0.94118439 | K12: 18 | L12: 6 | M12: 501 | N12: AP-2{1.3.1} | O12: AP-2gamma{1.3.1.0.3} | P12: 11744 | Q12: 7022 | R12: AP2C_HUMAN | S12: Q92754
A13: AP2D_HUMAN.H11MO.0.D | B13: TFAP2D | C13: 14 | D13: D | E13: 0 | F13: nGbCCGRGGCnCGY | G13: HOCOMOCOv9 | H13: Integrative | M13: 5 | N13: AP-2{1.3.1} | O13: AP-2delta{1.3.1.0.4} | P13: 15581 | Q13: 83741 | R13: AP2D_HUMAN | S13: Q7Z6R9
A14: ARI3A_HUMAN.H11MO.0.D | B14: ARID3A | C14: 22 | D14: D | E14: 0 | F14: dWTTAAWYvRdWWYAAAWYWWW | G14: HOCOMOCOv9 | H14: Integrative | M14: 44 | N14: ARID-related factors{3.7.1} | O14: ARID3{3.7.1.3} | P14: 3031 | Q14: 1820 | R14: ARI3A_HUMAN | S14: Q99856
A15: ARI5B_HUMAN.H11MO.0.C | B15: ARID5B | C15: 13 | D15: C | E15: 0 | F15: nbYKnRTATTSKd | G15: HOCOMOCOv9 | H15: Integrative | M15: 19 | N15: ARID-related factors{3.7.1} | O15: ARID5{3.7.1.5} | P15: 17362 | Q15: 84159 | R15: ARI5B_HUMAN | S15: Q14865
A16: ARNT2_HUMAN.H11MO.0.D | B16: ARNT2 | C16: 12 | D16: D | E16: 0 | F16: RnSGTGGvRSRS | G16: HOCOMOCOv9 | H16: Integrative | M16: 18 | N16: PAS domain factors{1.2.5} | O16: Arnt-like factors{1.2.5.2} | P16: 16876 | Q16: 9915 | R16: ARNT2_HUMAN | S16: Q9HBZ2
A17: ARNT_HUMAN.H11MO.0.B | B17: ARNT | C17: 9 | D17: B | E17: 0 | F17: vdRCGTGMh | G17: HOCOMOCOv11 | H17: ChIP-Seq | I17: 0.93577686 | K17: 8 | M17: 500 | N17: PAS domain factors{1.2.5} | O17: Arnt-like factors{1.2.5.2} | P17: 700 | Q17: 405 | R17: ARNT_HUMAN | S17: P27540
A18: ARX_HUMAN.H11MO.0.D | B18: ARX | C18: 13 | D18: D | E18: 0 | F18: hTAATYTAATTWv | G18: HOCOMOCOv10 | H18: HT-SELEX | M18: 623 | N18: Paired-related HD factors{3.1.3} | O18: ARX{3.1.3.3} | P18: 18060 | Q18: 170302 | R18: ARX_HUMAN | S18: Q96QS3
A19: ASCL1_HUMAN.H11MO.0.A | B19: ASCL1 | C19: 14 | D19: A | E19: 0 | F19: hnvCASCTGYYbhh | G19: HOCOMOCOv11 | H19: ChIP-Seq | I19: 0.98549867 | J19: 0.98049328 | K19: 30 | L19: 25 | M19: 480 | N19: MyoD / ASC-related factors{1.2.2} | O19: Achaete-Scute-like factors{1.2.2.2} | P19: 738 | Q19: 429 | R19: ASCL1_HUMAN | S19: P50553
A20: ASCL2_HUMAN.H11MO.0.D | B20: ASCL2 | C20: 9 | D20: D | E20: 0 | F20: vCASCTGCY | G20: HOCOMOCOv11 | H20: ChIP-Seq | I20: 0.59387727 | J20: 0.91956126 | K20: 8 | L20: 9 | M20: 505 | N20: MyoD / ASC-related factors{1.2.2} | O20: Achaete-Scute-like factors{1.2.2.2} | P20: 739 | Q20: 430 | R20: ASCL2_HUMAN | S20: Q99929
A21: ATF1_HUMAN.H11MO.0.B | B21: ATF1 | C21: 11 | D21: B | E21: 0 | F21: ndRTGACGYvd | G21: HOCOMOCOv11 | H21: ChIP-Seq | I21: 0.89168408 | K21: 6 | M21: 500 | N21: CREB-related factors{1.1.7} | O21: CREB-like factors{1.1.7.1} | P21: 783 | Q21: 466 | R21: ATF1_HUMAN | S21: P18846
A22: ATF2_HUMAN.H11MO.0.B | B22: ATF2 | C22: 11 | D22: B | E22: 0 | F22: dvTGAbGWMAb | G22: HOCOMOCOv11 | H22: ChIP-Seq | I22: 0.75088532 | J22: 0.84933689 | K22: 8 | L22: 4 | M22: 502 | N22: Jun-related factors{1.1.1} | O22: ATF-2-like factors{1.1.1.3} | P22: 784 | Q22: 1386 | R22: ATF2_HUMAN | S22: P15336
A23: ATF2_HUMAN.H11MO.1.B | B23: ATF2 | C23: 20 | D23: B | E23: 1 | F23: ddddRATGATGTCAThdhdd | G23: HOCOMOCOv11 | H23: ChIP-Seq | I23: 0.70505998 | J23: 0.80641934 | K23: 8 | L23: 4 | M23: 1294 | N23: Jun-related factors{1.1.1} | O23: ATF-2-like factors{1.1.1.3} | P23: 784 | Q23: 1386 | R23: ATF2_HUMAN | S23: P15336
A24: ATF2_HUMAN.H11MO.2.C | B24: ATF2 | C24: 11 | D24: C | E24: 2 | F24: RRTGACGTCAb | G24: HOCOMOCOv11 | H24: ChIP-Seq | I24: 0.70801467 | J24: 0.79956232 | K24: 8 | L24: 4 | M24: 385 | N24: Jun-related factors{1.1.1} | O24: ATF-2-like factors{1.1.1.3} | P24: 784 | Q24: 1386 | R24: ATF2_HUMAN | S24: P15336
A25: ATF3_HUMAN.H11MO.0.A | B25: ATF3 | C25: 11 | D25: A | E25: 0 | F25: dRTSACGTRRb | G25: HOCOMOCOv11 | H25: ChIP-Seq | I25: 0.92781848 | J25: 0.76418012 | K25: 36 | L25: 16 | M25: 505 | N25: Fos-related factors{1.1.2} | O25: ATF-3-like factors{1.1.2.2} | P25: 785 | Q25: 467 | R25: ATF3_HUMAN | S25: P18847
A26: ATF4_HUMAN.H11MO.0.A | B26: ATF4 | C26: 12 | D26: A | E26: 0 | F26: dnMTGATGCAAY | G26: HOCOMOCOv11 | H26: ChIP-Seq | I26: 0.99788201 | J26: 0.95111049 | K26: 18 | L26: 9 | M26: 500 | N26: ATF-4-related factors{1.1.6} | O26: ATF-4{1.1.6.0.1} | P26: 786 | Q26: 468 | R26: ATF4_HUMAN | S26: P18848
A27: ATF6A_HUMAN.H11MO.0.B | B27: ATF6 | C27: 12 | D27: B | E27: 0 | F27: vKSSTGACGTGG | G27: HOCOMOCOv9 | H27: Integrative | M27: 20 | N27: CREB-related factors{1.1.7} | O27: ATF-6 factors{1.1.7.3} | P27: 791 | Q27: 22926 | R27: ATF6A_HUMAN | S27: P18850
A28: ATF7_HUMAN.H11MO.0.D | B28: ATF7 | C28: 11 | D28: D | E28: 0 | F28: dRTGACGTCAT | G28: HOCOMOCOv10 | H28: HT-SELEX | M28: 13767 | N28: Jun-related factors{1.1.1} | O28: ATF-2-like factors{1.1.1.3} | P28: 792 | Q28: 11016 | R28: ATF7_HUMAN | S28: P17544
A29: ATOH1_HUMAN.H11MO.0.B | B29: ATOH1 | C29: 9 | D29: B | E29: 0 | F29: RRCAGMTGK | G29: HOCOMOCOv11 | H29: ChIP-Seq | I29: 0.75902405 | J29: 0.98836918 | K29: 3 | L29: 4 | M29: 502 | N29: Tal-related factors{1.2.3} | O29: Neurogenin / Atonal-like factors{1.2.3.4} | P29: 797 | Q29: 474 | R29: ATOH1_HUMAN | S29: Q92858
A30: BACH1_HUMAN.H11MO.0.A | B30: BACH1 | C30: 13 | D30: A | E30: 0 | F30: YGCTGAGTCMbbb | G30: HOCOMOCOv10 | H30: ChIP-Seq | M30: 502 | N30: Jun-related factors{1.1.1} | O30: NF-E2-like factors{1.1.1.2} | P30: 935 | Q30: 571 | R30: BACH1_HUMAN | S30: O14867
A31: BACH2_HUMAN.H11MO.0.A | B31: BACH2 | C31: 11 | D31: A | E31: 0 | F31: WGCTKWSTCAb | G31: HOCOMOCOv11 | H31: ChIP-Seq | I31: 0.92580702 | J31: 0.98024126 | K31: 10 | L31: 3 | M31: 500 | N31: Jun-related factors{1.1.1} | O31: NF-E2-like factors{1.1.1.2} | P31: 14078 | Q31: 60468 | R31: BACH2_HUMAN | S31: Q9BYV9
A32: BARH1_HUMAN.H11MO.0.D | B32: BARHL1 | C32: 13 | D32: D | E32: 0 | F32: TAAWYGbYnhTWA | G32: HOCOMOCOv10 | H32: HT-SELEX | M32: 5695 | N32: NK-related factors{3.1.2} | O32: BARHL{3.1.2.1} | P32: 953 | Q32: 56751 | R32: BARH1_HUMAN | S32: Q9BZE3
A33: BARH2_HUMAN.H11MO.0.D | B33: BARHL2 | C33: 18 | D33: D | E33: 0 | F33: vhTAAWYGnYbhhWWWhd | G33: HOCOMOCOv10 | H33: HT-SELEX | M33: 41168 | N33: NK-related factors{3.1.2} | O33: BARHL{3.1.2.1} | P33: 954 | Q33: 343472 | R33: BARH2_HUMAN | S33: Q9NY43
A34: BARX1_HUMAN.H11MO.0.D | B34: BARX1 | C34: 12 | D34: D | E34: 0 | F34: nWMAKKSYTThh | G34: HOCOMOCOv11 | H34: ChIP-Seq | I34: 0.60816347 | J34: 0.831429 | K34: 2 | L34: 2 | M34: 461 | N34: NK-related factors{3.1.2} | O34: BARX{3.1.2.2} | P34: 955 | Q34: 56033 | R34: BARX1_HUMAN | S34: Q9HBU1
A35: BARX2_HUMAN.H11MO.0.D | B35: BARX2 | C35: 10 | D35: D | E35: 0 | F35: hYnWTAATKR | G35: HOCOMOCOv9 | H35: Integrative | M35: 14 | N35: NK-related factors{3.1.2} | O35: BARX{3.1.2.2} | P35: 956 | Q35: 8538 | R35: BARX2_HUMAN | S35: Q9UMQ3
A36: BATF3_HUMAN.H11MO.0.B | B36: BATF3 | C36: 17 | D36: B | E36: 0 | F36: ndSTTYChnWhTGAbdn | G36: HOCOMOCOv11 | H36: ChIP-Seq | J36: 0.96333554 | L36: 5 | M36: 500 | N36: B-ATF-related factors{1.1.4} | O36: B-ATF-3{1.1.4.0.3} | P36: 28915 | Q36: 55509 | R36: BATF3_HUMAN | S36: Q9NR55
A37: BATF_HUMAN.H11MO.0.A | B37: BATF | C37: 18 | D37: A | E37: 0 | F37: dbTYYYddWWTGASTnWb | G37: HOCOMOCOv11 | H37: ChIP-Seq | I37: 0.96321879 | J37: 0.93788743 | K37: 10 | L37: 20 | M37: 500 | N37: B-ATF-related factors{1.1.4} | O37: B-ATF{1.1.4.0.1} | P37: 958 | Q37: 10538 | R37: BATF_HUMAN | S37: Q16520
A38: BATF_HUMAN.H11MO.1.A | B38: BATF | C38: 11 | D38: A | E38: 1 | F38: dMTGAYKCAWh | G38: HOCOMOCOv11 | H38: ChIP-Seq | I38: 0.89031363 | J38: 0.85612825 | K38: 10 | L38: 20 | M38: 500 | N38: B-ATF-related factors{1.1.4} | O38: B-ATF{1.1.4.0.1} | P38: 958 | Q38: 10538 | R38: BATF_HUMAN | S38: Q16520
A39: BC11A_HUMAN.H11MO.0.A | B39: BCL11A | C39: 17 | D39: A | E39: 0 | F39: vdvRvRGGAAvYRRvRv | G39: HOCOMOCOv10 | H39: ChIP-Seq | I39: 0.89958468 | K39: 10 | M39: 500 | N39: Factors with multiple dispersed zinc fingers{2.3.4} | O39: BCL11{2.3.4.15} | P39: 13221 | Q39: 53335 | R39: BC11A_HUMAN | S39: Q9H165
A40: BCL6B_HUMAN.H11MO.0.D | B40: BCL6B | C40: 11 | D40: D | E40: 0 | F40: nYGCTTTCTAG | G40: HOCOMOCOv10 | H40: HT-SELEX | M40: 66 | N40: More than 3 adjacent zinc finger factors{2.3.3} | O40: BCL6 factors{2.3.3.22} | P40: 1002 | Q40: 255877 | R40: BCL6B_HUMAN | S40: Q8N143
A41: BCL6_HUMAN.H11MO.0.A | B41: BCL6 | C41: 13 | D41: A | E41: 0 | F41: bdMYYTCYAGGAA | G41: HOCOMOCOv11 | H41: ChIP-Seq | I41: 0.80230347 | J41: 0.87359178 | K41: 27 | L41: 11 | M41: 500 | N41: More than 3 adjacent zinc finger factors{2.3.3} | O41: BCL6 factors{2.3.3.22} | P41: 1001 | Q41: 604 | R41: BCL6_HUMAN | S41: P41182
A42: BHA15_HUMAN.H11MO.0.B | B42: BHLHA15 | C42: 11 | D42: B | E42: 0 | F42: vvRRCAGCTGK | G42: HOCOMOCOv11 | H42: ChIP-Seq | J42: 0.98809676 | L42: 6 | M42: 500 | N42: Tal-related factors{1.2.3} | O42: Neurogenin / Atonal-like factors{1.2.3.4} | P42: 22265 | Q42: 168620 | R42: BHA15_HUMAN | S42: Q7RTS1
A43: BHE22_HUMAN.H11MO.0.D | B43: BHLHE22 | C43: 13 | D43: D | E43: 0 | F43: dvCATATGTTYhh | G43: HOCOMOCOv10 | H43: HT-SELEX | M43: 2250 | N43: Tal-related factors{1.2.3} | O43: Neurogenin / Atonal-like factors{1.2.3.4} | P43: 11963 | Q43: 27319 | R43: BHE22_HUMAN | S43: Q8NFJ8
A44: BHE23_HUMAN.H11MO.0.D | B44: BHLHE23 | C44: 12 | D44: D | E44: 0 | F44: dvnRKRTGKKdb | G44: HOCOMOCOv10 | H44: HT-SELEX | M44: 394 | N44: Tal-related factors{1.2.3} | O44: Neurogenin / Atonal-like factors{1.2.3.4} | P44: 16093 | Q44: 128408 | R44: BHE23_HUMAN | S44: Q8NDY6
A45: BHE40_HUMAN.H11MO.0.A | B45: BHLHE40 | C45: 10 | D45: A | E45: 0 | F45: dKCACGTGMv | G45: HOCOMOCOv11 | H45: ChIP-Seq | I45: 0.85472299 | J45: 0.95342176 | K45: 10 | L45: 5 | M45: 508 | N45: Hairy-related factors{1.2.4} | O45: Hairy-like factors{1.2.4.1} | P45: 1046 | Q45: 8553 | R45: BHE40_HUMAN | S45: O14503
A46: BHE41_HUMAN.H11MO.0.D | B46: BHLHE41 | C46: 20 | D46: D | E46: 0 | F46: dCnRnSTCRMGTGMhKRnRn | G46: HOCOMOCOv9 | H46: Integrative | M46: 10 | N46: Hairy-related factors{1.2.4} | O46: Hairy-like factors{1.2.4.1} | P46: 16617 | Q46: 79365 | R46: BHE41_HUMAN | S46: Q9C0J9
A47: BMAL1_HUMAN.H11MO.0.A | B47: ARNTL | C47: 11 | D47: A | E47: 0 | F47: nSCAYGTGhbb | G47: HOCOMOCOv11 | H47: ChIP-Seq | I47: 0.86415614 | J47: 0.87506917 | K47: 18 | L47: 15 | M47: 410 | N47: PAS domain factors{1.2.5} | O47: Arnt-like factors{1.2.5.2} | P47: 701 | Q47: 406 | R47: BMAL1_HUMAN | S47: O00327
A48: BPTF_HUMAN.H11MO.0.D | B48: BPTF | C48: 12 | D48: D | E48: 0 | F48: nKKnTTGTdKnv | G48: HOCOMOCOv9 | H48: Integrative | M48: 21 | P48: 3581 | Q48: 2186 | R48: BPTF_HUMAN | S48: Q12830
A49: BRAC_HUMAN.H11MO.0.A | B49: T | C49: 20 | D49: A | E49: 0 | F49: bYvvMRdvnvdSTGWKARdd | G49: HOCOMOCOv11 | H49: ChIP-Seq | I49: 0.83523693 | J49: 0.81776072 | K49: 9 | L49: 10 | M49: 500 | N49: Brachyury-related factors{6.5.1} | O49: T (Brachyury){6.5.1.0.1} | P49: 11515 | Q49: 6862 | R49: BRAC_HUMAN | S49: O15178
A50: BRAC_HUMAN.H11MO.1.B | B50: T | C50: 11 | D50: B | E50: 1 | F50: dRSTGWSARdd | G50: HOCOMOCOv11 | H50: ChIP-Seq | I50: 0.80018285 | J50: 0.75720608 | K50: 9 | L50: 10 | M50: 500 | N50: Brachyury-related factors{6.5.1} | O50: T (Brachyury){6.5.1.0.1} | P50: 11515 | Q50: 6862 | R50: BRAC_HUMAN | S50: O15178
A51: BRCA1_HUMAN.H11MO.0.D | B51: BRCA1 | C51: 9 | D51: D | E51: 0 | F51: bKKbKGTTG | G51: HOCOMOCOv9 | H51: Integrative | M51: 72 | P51: 1100 | Q51: 672 | R51: BRCA1_HUMAN | S51: P38398
A52: BSH_HUMAN.H11MO.0.D | B52: BSX | C52: 14 | D52: D | E52: 0 | F52: WWWbbvbhTAAYbd | G52: HOCOMOCOv10 | H52: HT-SELEX | M52: 8218 | N52: NK-related factors{3.1.2} | O52: BSX{3.1.2.3} | P52: 20450 | Q52: 390259 | R52: BSH_HUMAN | S52: Q3C1V8
A53: CDC5L_HUMAN.H11MO.0.D | B53: CDC5L | C53: 15 | D53: D | E53: 0 | F53: vbGnKdTAAYRWAWb | G53: HOCOMOCOv9 | H53: Integrative | M53: 10 | N53: Myb/SANT domain factors{3.5.1} | O53: Myb-like factors{3.5.1.1} | P53: 1743 | Q53: 988 | R53: CDC5L_HUMAN | S53: Q99459
A54: CDX1_HUMAN.H11MO.0.C | B54: CDX1 | C54: 8 | D54: C | E54: 0 | F54: hTTKAWGd | G54: HOCOMOCOv9 | H54: Integrative | M54: 30 | N54: HOX-related factors{3.1.1} | O54: CDX (Caudal type homeobox){3.1.1.9} | P54: 1805 | Q54: 1044 | R54: CDX1_HUMAN | S54: P47902
A55: CDX2_HUMAN.H11MO.0.A | B55: CDX2 | C55: 12 | D55: A | E55: 0 | F55: dTTbATKGShbY | G55: HOCOMOCOv11 | H55: ChIP-Seq | I55: 0.92304957 | J55: 0.98211674 | K55: 13 | L55: 23 | M55: 151 | N55: HOX-related factors{3.1.1} | O55: CDX (Caudal type homeobox){3.1.1.9} | P55: 1806 | Q55: 1045 | R55: CDX2_HUMAN | S55: Q99626
A56: CEBPA_HUMAN.H11MO.0.A | B56: CEBPA | C56: 12 | D56: A | E56: 0 | F56: dRTTKhGCAAYv | G56: HOCOMOCOv11 | H56: ChIP-Seq | I56: 0.98337589 | J56: 0.99050255 | K56: 18 | L56: 153 | M56: 500 | N56: C/EBP-related{1.1.8} | O56: C/EBP{1.1.8.1} | P56: 1833 | Q56: 1050 | R56: CEBPA_HUMAN | S56: P49715
A57: CEBPB_HUMAN.H11MO.0.A | B57: CEBPB | C57: 12 | D57: A | E57: 0 | F57: dRTTRhGCAAYv | G57: HOCOMOCOv11 | H57: ChIP-Seq | I57: 0.98145316 | J57: 0.98531043 | K57: 65 | L57: 158 | M57: 457 | N57: C/EBP-related{1.1.8} | O57: C/EBP{1.1.8.1} | P57: 1834 | Q57: 1051 | R57: CEBPB_HUMAN | S57: P17676
A58: CEBPD_HUMAN.H11MO.0.C | B58: CEBPD | C58: 11 | D58: C | E58: 0 | F58: vTTGCdYMAbh | G58: HOCOMOCOv11 | H58: ChIP-Seq | I58: 0.83078732 | K58: 10 | M58: 500 | N58: C/EBP-related{1.1.8} | O58: C/EBP{1.1.8.1} | P58: 1835 | Q58: 1052 | R58: CEBPD_HUMAN | S58: P49716
A59: CEBPE_HUMAN.H11MO.0.A | B59: CEBPE | C59: 12 | D59: A | E59: 0 | F59: dTKSGMAAThdb | G59: HOCOMOCOv9 | H59: Integrative | M59: 803 | N59: C/EBP-related{1.1.8} | O59: C/EBP{1.1.8.1} | P59: 1836 | Q59: 1053 | R59: CEBPE_HUMAN | S59: Q15744
A60: CEBPG_HUMAN.H11MO.0.B | B60: CEBPG | C60: 12 | D60: B | E60: 0 | F60: RTTRCATCAKhh | G60: HOCOMOCOv11 | H60: ChIP-Seq | I60: 0.73813043 | J60: 0.97173164 | K60: 2 | L60: 4 | M60: 501 | N60: C/EBP-related{1.1.8} | O60: C/EBP{1.1.8.1} | P60: 1837 | Q60: 1054 | R60: CEBPG_HUMAN | S60: P53567
A61: CEBPZ_HUMAN.H11MO.0.D | B61: CEBPZ | C61: 11 | D61: D | E61: 0 | F61: dSTSATTGGCT | G61: HOCOMOCOv9 | H61: Integrative | M61: 28 | P61: 24218 | Q61: 10153 | R61: CEBPZ_HUMAN | S61: Q03701
A62: CENPB_HUMAN.H11MO.0.D | B62: CENPB | C62: 17 | D62: D | E62: 0 | F62: TTCGYWvnAhRCGGRdh | G62: HOCOMOCOv10 | H62: HT-SELEX | M62: 2219 | P62: 1852 | Q62: 1059 | R62: CENPB_HUMAN | S62: P07199
A63: CLOCK_HUMAN.H11MO.0.C | B63: CLOCK | C63: 14 | D63: C | E63: 0 | F63: SdvnCAMRYGvvvh | G63: HOCOMOCOv11 | H63: ChIP-Seq | I63: 0.65821847 | J63: 0.73453481 | K63: 5 | L63: 22 | M63: 253 | N63: PAS domain factors{1.2.5} | O63: Arnt-like factors{1.2.5.2} | P63: 2082 | Q63: 9575 | R63: CLOCK_HUMAN | S63: O15516
A64: COE1_HUMAN.H11MO.0.A | B64: EBF1 | C64: 15 | D64: A | E64: 0 | F64: vdbYCCCMWGGGRvh | G64: HOCOMOCOv11 | H64: ChIP-Seq | I64: 0.99417685 | J64: 0.99219462 | K64: 17 | L64: 55 | M64: 500 | N64: Early B-Cell Factor-related factors{6.1.5} | O64: EBF1 (COE1){6.1.5.0.1} | P64: 3126 | Q64: 1879 | R64: COE1_HUMAN | S64: Q9UH73
A65: COT1_HUMAN.H11MO.0.C | B65: NR2F1 | C65: 17 | D65: C | E65: 0 | F65: vRRRbvRRAGGKCAdvv | G65: HOCOMOCOv11 | H65: ChIP-Seq | I65: 0.87928937 | K65: 3 | M65: 501 | N65: RXR-related receptors (NR2){2.1.3} | O65: COUP-like receptors (NR2F){2.1.3.5} | P65: 7975 | Q65: 7025 | R65: COT1_HUMAN | S65: P10589
A66: COT1_HUMAN.H11MO.1.C | B66: NR2F1 | C66: 13 | D66: C | E66: 1 | F66: bvdRAGGKCAvvR | G66: HOCOMOCOv11 | H66: ChIP-Seq | I66: 0.85115672 | K66: 3 | M66: 478 | N66: RXR-related receptors (NR2){2.1.3} | O66: COUP-like receptors (NR2F){2.1.3.5} | P66: 7975 | Q66: 7025 | R66: COT1_HUMAN | S66: P10589
A67: COT2_HUMAN.H11MO.0.A | B67: NR2F2 | C67: 13 | D67: A | E67: 0 | F67: vMRAGGTCAdvdd | G67: HOCOMOCOv10 | H67: ChIP-Seq | I67: 0.9337305 | J67: 0.83341543 | K67: 28 | L67: 3 | M67: 509 | N67: RXR-related receptors (NR2){2.1.3} | O67: COUP-like receptors (NR2F){2.1.3.5} | P67: 7976 | Q67: 7026 | R67: COT2_HUMAN | S67: P24468
A68: COT2_HUMAN.H11MO.1.A | B68: NR2F2 | C68: 17 | D68: A | E68: 1 | F68: dRdvbhWRAGGKCAvvv | G68: HOCOMOCOv11 | H68: ChIP-Seq | I68: 0.91520818 | J68: 0.73199672 | K68: 28 | L68: 3 | M68: 503 | N68: RXR-related receptors (NR2){2.1.3} | O68: COUP-like receptors (NR2F){2.1.3.5} | P68: 7976 | Q68: 7026 | R68: COT2_HUMAN | S68: P24468
A69: CPEB1_HUMAN.H11MO.0.D | B69: CPEB1 | C69: 17 | D69: D | E69: 0 | F69: hTTTTATYhYYYYWWWh | G69: HOCOMOCOv10 | H69: HT-SELEX | M69: 1803 | P69: 21744 | Q69: 64506 | R69: CPEB1_HUMAN | S69: Q9BZB8
A70: CR3L1_HUMAN.H11MO.0.D | B70: CREB3L1 | C70: 11 | D70: D | E70: 0 | F70: KMCACGTGGCA | G70: HOCOMOCOv10 | H70: HT-SELEX | M70: 39883 | N70: CREB-related factors{1.1.7} | O70: CREB-3-like factors{1.1.7.2} | P70: 18856 | Q70: 90993 | R70: CR3L1_HUMAN | S70: Q96BA8
A71: CR3L2_HUMAN.H11MO.0.D | B71: CREB3L2 | C71: 13 | D71: D | E71: 0 | F71: YKvWSACGTGdnv | G71: HOCOMOCOv10 | H71: HT-SELEX | M71: 1223 | N71: CREB-related factors{1.1.7} | O71: CREB-3-like factors{1.1.7.2} | P71: 23720 | Q71: 64764 | R71: CR3L2_HUMAN | S71: Q70SY1
A72: CREB1_HUMAN.H11MO.0.A | B72: CREB1 | C72: 11 | D72: A | E72: 0 | F72: ndRTGACGYhW | G72: HOCOMOCOv11 | H72: ChIP-Seq | I72: 0.92678774 | J72: 0.88827561 | K72: 63 | L72: 8 | M72: 501 | N72: CREB-related factors{1.1.7} | O72: CREB-like factors{1.1.7.1} | P72: 2345 | Q72: 1385 | R72: CREB1_HUMAN | S72: P16220
A73: CREB3_HUMAN.H11MO.0.D | B73: CREB3 | C73: 13 | D73: D | E73: 0 | F73: bnRTGACGTGKMd | G73: HOCOMOCOv10 | H73: HT-SELEX | M73: 95 | N73: CREB-related factors{1.1.7} | O73: CREB-3-like factors{1.1.7.2} | P73: 2347 | Q73: 10488 | R73: CREB3_HUMAN | S73: O43889
A74: CREB5_HUMAN.H11MO.0.D | B74: CREB5 | C74: 11 | D74: D | E74: 0 | F74: dRTGACGTCAT | G74: HOCOMOCOv10 | H74: HT-SELEX | M74: 1784 | N74: Jun-related factors{1.1.1} | O74: ATF-2-like factors{1.1.1.3} | P74: 16844 | Q74: 9586 | R74: CREB5_HUMAN | S74: Q02930
A75: CREM_HUMAN.H11MO.0.C | B75: CREM | C75: 11 | D75: C | E75: 0 | F75: SRvTGACGTSA | G75: HOCOMOCOv9 | H75: Integrative | M75: 30 | N75: CREB-related factors{1.1.7} | O75: CREB-like factors{1.1.7.1} | P75: 2352 | Q75: 1390 | R75: CREM_HUMAN | S75: Q03060
A76: CRX_HUMAN.H11MO.0.B | B76: CRX | C76: 13 | D76: B | E76: 0 | F76: hvRdvGGATTAdv | G76: HOCOMOCOv11 | H76: ChIP-Seq | J76: 0.9334695 | L76: 8 | M76: 500 | N76: Paired-related HD factors{3.1.3} | O76: OTX{3.1.3.17} | P76: 2383 | Q76: 1406 | R76: CRX_HUMAN | S76: O43186
A77: CTCFL_HUMAN.H11MO.0.A | B77: CTCFL | C77: 17 | D77: A | E77: 0 | F77: bCCdShAGGKGGCGShv | G77: HOCOMOCOv11 | H77: ChIP-Seq | I77: 0.97410014 | J77: 0.99310186 | K77: 25 | L77: 8 | M77: 450 | N77: More than 3 adjacent zinc finger factors{2.3.3} | O77: CTCF-like factors{2.3.3.50} | P77: 16234 | Q77: 140690 | R77: CTCFL_HUMAN | S77: Q8NI51
A78: CTCF_HUMAN.H11MO.0.A | B78: CTCF | C78: 19 | D78: A | E78: 0 | F78: bbdCCRSYAGGKGGCRSbv | G78: HOCOMOCOv11 | H78: ChIP-Seq | I78: 0.99748841 | J78: 0.99845941 | K78: 502 | L78: 263 | M78: 500 | N78: More than 3 adjacent zinc finger factors{2.3.3} | O78: CTCF-like factors{2.3.3.50} | P78: 13723 | Q78: 10664 | R78: CTCF_HUMAN | S78: P49711
A79: CUX1_HUMAN.H11MO.0.C | B79: CUX1 | C79: 14 | D79: C | E79: 0 | F79: vbRvndATYRRTbb | G79: HOCOMOCOv9 | H79: Integrative | M79: 97 | N79: HD-CUT factors{3.1.9} | O79: CUX{3.1.9.2} | P79: 2557 | Q79: 1523 | R79: CUX1_HUMAN | S79: P39880
A80: CUX2_HUMAN.H11MO.0.D | B80: CUX2 | C80: 11 | D80: D | E80: 0 | F80: hRRTCAATvvv | G80: HOCOMOCOv11 | H80: ChIP-Seq | J80: 0.86732192 | L80: 5 | M80: 496 | N80: HD-CUT factors{3.1.9} | O80: CUX{3.1.9.2} | P80: 19347 | Q80: 23316 | R80: CUX2_HUMAN | S80: O14529
A81: CXXC1_HUMAN.H11MO.0.D | B81: CXXC1 | C81: 7 | D81: D | E81: 0 | F81: YGKTKKY | G81: HOCOMOCOv9 | H81: Integrative | M81: 63 | N81: CpG-binding proteins{2.6.1} | O81: CpG-binding protein (CXXC1, CFP1, CGBP, PCCX1, PHF18){2.6.1.0.1} | P81: 24343 | Q81: 30827 | R81: CXXC1_HUMAN | S81: Q9P0U4
A82: DBP_HUMAN.H11MO.0.B | B82: DBP | C82: 11 | D82: B | E82: 0 | F82: vTKRYGTAAbv | G82: HOCOMOCOv9 | H82: Integrative | M82: 26 | N82: C/EBP-related{1.1.8} | O82: PAR factors{1.1.8.2} | P82: 2697 | Q82: 1628 | R82: DBP_HUMAN | S82: Q10586
A83: DDIT3_HUMAN.H11MO.0.D | B83: DDIT3 | C83: 10 | D83: D | E83: 0 | F83: MTGATGMAAb | G83: HOCOMOCOv11 | H83: ChIP-Seq | I83: 0.62766494 | J83: 0.91021164 | K83: 3 | L83: 6 | M83: 500 | N83: C/EBP-related{1.1.8} | O83: C/EBP{1.1.8.1} | P83: 2726 | Q83: 1649 | R83: DDIT3_HUMAN | S83: P35638
A84: DLX1_HUMAN.H11MO.0.D | B84: DLX1 | C84: 16 | D84: D | E84: 0 | F84: dhWWWWddbbWAATTd | G84: HOCOMOCOv10 | H84: HT-SELEX | M84: 16332 | N84: NK-related factors{3.1.2} | O84: DLX{3.1.2.5} | P84: 2914 | Q84: 1745 | R84: DLX1_HUMAN | S84: P56177
A85: DLX2_HUMAN.H11MO.0.D | B85: DLX2 | C85: 8 | D85: D | E85: 0 | F85: ATAATTAn | G85: HOCOMOCOv9 | H85: Integrative | M85: 6 | N85: NK-related factors{3.1.2} | O85: DLX{3.1.2.5} | P85: 2915 | Q85: 1746 | R85: DLX2_HUMAN | S85: Q07687
A86: DLX3_HUMAN.H11MO.0.C | B86: DLX3 | C86: 10 | D86: C | E86: 0 | F86: RMTAATTRvh | G86: HOCOMOCOv9 | H86: Integrative | M86: 35 | N86: NK-related factors{3.1.2} | O86: DLX{3.1.2.5} | P86: 2916 | Q86: 1747 | R86: DLX3_HUMAN | S86: O60479
A87: DLX4_HUMAN.H11MO.0.D | B87: DLX4 | C87: 16 | D87: D | E87: 0 | F87: YAATTAbnnhhWWWWd | G87: HOCOMOCOv10 | H87: HT-SELEX | M87: 2360 | N87: NK-related factors{3.1.2} | O87: DLX{3.1.2.5} | P87: 2917 | Q87: 1748 | R87: DLX4_HUMAN | S87: Q92988
A88: DLX5_HUMAN.H11MO.0.D | B88: DLX5 | C88: 11 | D88: D | E88: 0 | F88: WRATTRYWKbb | G88: HOCOMOCOv11 | H88: ChIP-Seq | J88: 0.90903769 | L88: 2 | M88: 465 | N88: NK-related factors{3.1.2} | O88: DLX{3.1.2.5} | P88: 2918 | Q88: 1749 | R88: DLX5_HUMAN | S88: P56178
A89: DLX6_HUMAN.H11MO.0.D | B89: DLX6 | C89: 15 | D89: D | E89: 0 | F89: hWddddnnnTAATTR | G89: HOCOMOCOv10 | H89: HT-SELEX | M89: 1138 | N89: NK-related factors{3.1.2} | O89: DLX{3.1.2.5} | P89: 2919 | Q89: 1750 | R89: DLX6_HUMAN | S89: P56179
A90: DMBX1_HUMAN.H11MO.0.D | B90: DMBX1 | C90: 20 | D90: D | E90: 0 | F90: hhvhWWWWWbYYRATTAvnn | G90: HOCOMOCOv10 | H90: HT-SELEX | M90: 29 | N90: Paired-related HD factors{3.1.3} | O90: DMBX{3.1.3.4} | P90: 19026 | Q90: 127343 | R90: DMBX1_HUMAN | S90: Q8NFW5
A91: DMRT1_HUMAN.H11MO.0.D | B91: DMRT1 | C91: 17 | D91: D | E91: 0 | F91: hdGhhACAAWGTWdChv | G91: HOCOMOCOv11 | H91: ChIP-Seq | I91: 0.55196183 | J91: 0.98657772 | K91: 2 | L91: 4 | M91: 500 | N91: DMRT{2.5.1} | O91: DMRT1{2.5.1.0.1} | P91: 2934 | Q91: 1761 | R91: DMRT1_HUMAN | S91: Q9Y5R6
A92: DPRX_HUMAN.H11MO.0.D | B92: DPRX | C92: 11 | D92: D | E92: 0 | F92: nvGGATTAdSn | G92: HOCOMOCOv10 | H92: HT-SELEX | M92: 46619 | N92: Paired-related HD factors{3.1.3} | O92: DPRX{3.1.3.5} | P92: 32166 | Q92: 503834 | R92: DPRX_HUMAN | S92: A6NFQ7
A93: DRGX_HUMAN.H11MO.0.D | B93: DRGX | C93: 11 | D93: D | E93: 0 | F93: TAATYTAATTA | G93: HOCOMOCOv10 | H93: HT-SELEX | M93: 10544 | N93: Paired-related HD factors{3.1.3} | O93: DRGX{3.1.3.6} | P93: 21536 | Q93: 644168 | R93: DRGX_HUMAN | S93: A6NNA5
A94: DUX4_HUMAN.H11MO.0.A | B94: DUX4 | C94: 11 | D94: A | E94: 0 | F94: TGATTRRRTTA | G94: HOCOMOCOv11 | H94: ChIP-Seq | I94: 0.99581923 | K94: 5 | M94: 500 | N94: Paired-related HD factors{3.1.3} | O94: DUX{3.1.3.7} | P94: 50800 | Q94: 100288687 | R94: DUX4_HUMAN | S94: Q9UBX2
A95: DUXA_HUMAN.H11MO.0.D | B95: DUXA | C95: 11 | D95: D | E95: 0 | F95: TGATTARvTYR | G95: HOCOMOCOv10 | H95: HT-SELEX | M95: 2685 | N95: Paired-related HD factors{3.1.3} | O95: DUX{3.1.3.7} | P95: 32179 | Q95: 503835 | R95: DUXA_HUMAN | S95: A6NLW8
A96: E2F1_HUMAN.H11MO.0.A | B96: E2F1 | C96: 14 | D96: A | E96: 0 | F96: vvndSGCGGGARvd | G96: HOCOMOCOv11 | H96: ChIP-Seq | I96: 0.91894407 | J96: 0.95795094 | K96: 80 | L96: 21 | M96: 500 | N96: E2F-related factors{3.3.2} | O96: E2F{3.3.2.1} | P96: 3113 | Q96: 1869 | R96: E2F1_HUMAN | S96: Q01094
A97: E2F2_HUMAN.H11MO.0.B | B97: E2F2 | C97: 10 | D97: B | E97: 0 | F97: RGCGCGMAWC | G97: HOCOMOCOv9 | H97: Integrative | M97: 8 | N97: E2F-related factors{3.3.2} | O97: E2F{3.3.2.1} | P97: 3114 | Q97: 1870 | R97: E2F2_HUMAN | S97: Q14209
A98: E2F3_HUMAN.H11MO.0.A | B98: E2F3 | C98: 11 | D98: A | E98: 0 | F98: ddRGMKGGARv | G98: HOCOMOCOv11 | H98: ChIP-Seq | I98: 0.88761543 | J98: 0.91631005 | K98: 3 | L98: 22 | M98: 500 | N98: E2F-related factors{3.3.2} | O98: E2F{3.3.2.1} | P98: 3115 | Q98: 1871 | R98: E2F3_HUMAN | S98: O00716
A99: E2F4_HUMAN.H11MO.0.A | B99: E2F4 | C99: 13 | D99: A | E99: 0 | F99: vddSGCGGGRvvd | G99: HOCOMOCOv11 | H99: ChIP-Seq | I99: 0.95584379 | J99: 0.97749166 | K99: 15 | L99: 37 | M99: 500 | N99: E2F-related factors{3.3.2} | O99: E2F{3.3.2.1} | P99: 3118 | Q99: 1874 | R99: E2F4_HUMAN | S99: Q16254
A100: E2F4_HUMAN.H11MO.1.A | B100: E2F4 | C100: 14 | D100: A | E100: 1 | F100: SGCGGGRRddbbnd | G100: HOCOMOCOv11 | H100: ChIP-Seq | I100: 0.92394674 | J100: 0.96952916 | K100: 15 | L100: 37 | M100: 500 | N100: E2F-related factors{3.3.2} | O100: E2F{3.3.2.1} | P100: 3118 | Q100: 1874 | R100: E2F4_HUMAN | S100: Q16254
...

Sheet HOCOMOCOv11_core_annotation_HUM
A1: Model | B1: Transcription factor | C1: Model length | D1: Quality | E1: Model rank | F1: Consensus | G1: Model release | H1: Data source | I1: Best auROC (human) | J1: Best auROC (mouse) | K1: Peak sets in benchmark (human) | L1: Peak sets in benchmark (mouse) | M1: Aligned words | N1: TF family | O1: TF subfamily | P1: HGNC | Q1: EntrezGene | R1: UniProt ID | S1: UniProt AC
A2: AHR_HUMAN.H11MO.0.B | B2: AHR | C2: 9 | D2: B | E2: 0 | F2: dKhGCGTGh | G2: HOCOMOCOv9 | H2: Integrative | M2: 157 | N2: PAS domain factors{1.2.5} | O2: Ahr-like factors{1.2.5.1} | P2: 348 | Q2: 196 | R2: AHR_HUMAN | S2: P35869
A3: AIRE_HUMAN.H11MO.0.C | B3: AIRE | C3: 18 | D3: C | E3: 0 | F3: hnnGGWWnddWWGGdbWh | G3: HOCOMOCOv9 | H3: Integrative | M3: 41 | N3: AIRE{5.3.1} | O3: AIRE{5.3.1.0.1} | P3: 360 | Q3: 326 | R3: AIRE_HUMAN | S3: O43918
A4: ALX1_HUMAN.H11MO.0.B | B4: ALX1 | C4: 12 | D4: B | E4: 0 | F4: vTRATYGnATTA | G4: HOCOMOCOv9 | H4: Integrative | M4: 33 | N4: Paired-related HD factors{3.1.3} | O4: ALX{3.1.3.1} | P4: 1494 | Q4: 8092 | R4: ALX1_HUMAN | S4: Q15699
A5: ANDR_HUMAN.H11MO.0.A | B5: AR | C5: 18 | D5: A | E5: 0 | F5: WKThYYddbhTRTTTRYh | G5: HOCOMOCOv11 | H5: ChIP-Seq | I5: 0.9598371 | J5: 0.81079115 | K5: 461 | L5: 57 | M5: 499 | N5: Steroid hormone receptors (NR3){2.1.1} | O5: GR-like receptors (NR3C){2.1.1.1} | P5: 644 | Q5: 367 | R5: ANDR_HUMAN | S5: P10275
A6: AP2A_HUMAN.H11MO.0.A | B6: TFAP2A | C6: 15 | D6: A | E6: 0 | F6: dddSCCTGRGGShdd | G6: HOCOMOCOv10 | H6: ChIP-Seq | I6: 0.95556087 | J6: 0.93658649 | K6: 13 | L6: 13 | M6: 500 | N6: AP-2{1.3.1} | O6: AP-2alpha{1.3.1.0.1} | P6: 11742 | Q6: 7020 | R6: AP2A_HUMAN | S6: P05549
A7: AP2B_HUMAN.H11MO.0.B | B7: TFAP2B | C7: 10 | D7: B | E7: 0 | F7: GSCYGRGGRv | G7: HOCOMOCOv9 | H7: Integrative | M7: 30 | N7: AP-2{1.3.1} | O7: AP-2beta{1.3.1.0.2} | P7: 11743 | Q7: 7021 | R7: AP2B_HUMAN | S7: Q92481
A8: AP2C_HUMAN.H11MO.0.A | B8: TFAP2C | C8: 14 | D8: A | E8: 0 | F8: vddSCCTGRGGShv | G8: HOCOMOCOv10 | H8: ChIP-Seq | I8: 0.94994854 | J8: 0.94118439 | K8: 18 | L8: 6 | M8: 501 | N8: AP-2{1.3.1} | O8: AP-2gamma{1.3.1.0.3} | P8: 11744 | Q8: 7022 | R8: AP2C_HUMAN | S8: Q92754
A9: ARI5B_HUMAN.H11MO.0.C | B9: ARID5B | C9: 13 | D9: C | E9: 0 | F9: nbYKnRTATTSKd | G9: HOCOMOCOv9 | H9: Integrative | M9: 19 | N9: ARID-related factors{3.7.1} | O9: ARID5{3.7.1.5} | P9: 17362 | Q9: 84159 | R9: ARI5B_HUMAN | S9: Q14865
A10: ARNT_HUMAN.H11MO.0.B | B10: ARNT | C10: 9 | D10: B | E10: 0 | F10: vdRCGTGMh | G10: HOCOMOCOv11 | H10: ChIP-Seq | I10: 0.93577686 | K10: 8 | M10: 500 | N10: PAS domain factors{1.2.5} | O10: Arnt-like factors{1.2.5.2} | P10: 700 | Q10: 405 | R10: ARNT_HUMAN | S10: P27540
A11: ASCL1_HUMAN.H11MO.0.A | B11: ASCL1 | C11: 14 | D11: A | E11: 0 | F11: hnvCASCTGYYbhh | G11: HOCOMOCOv11 | H11: ChIP-Seq | I11: 0.98549867 | J11: 0.98049328 | K11: 30 | L11: 25 | M11: 480 | N11: MyoD / ASC-related factors{1.2.2} | O11: Achaete-Scute-like factors{1.2.2.2} | P11: 738 | Q11: 429 | R11: ASCL1_HUMAN | S11: P50553
A12: ATF1_HUMAN.H11MO.0.B | B12: ATF1 | C12: 11 | D12: B | E12: 0 | F12: ndRTGACGYvd | G12: HOCOMOCOv11 | H12: ChIP-Seq | I12: 0.89168408 | K12: 6 | M12: 500 | N12: CREB-related factors{1.1.7} | O12: CREB-like factors{1.1.7.1} | P12: 783 | Q12: 466 | R12: ATF1_HUMAN | S12: P18846
A13: ATF2_HUMAN.H11MO.0.B | B13: ATF2 | C13: 11 | D13: B | E13: 0 | F13: dvTGAbGWMAb | G13: HOCOMOCOv11 | H13: ChIP-Seq | I13: 0.75088532 | J13: 0.84933689 | K13: 8 | L13: 4 | M13: 502 | N13: Jun-related factors{1.1.1} | O13: ATF-2-like factors{1.1.1.3} | P13: 784 | Q13: 1386 | R13: ATF2_HUMAN | S13: P15336
A14: ATF3_HUMAN.H11MO.0.A | B14: ATF3 | C14: 11 | D14: A | E14: 0 | F14: dRTSACGTRRb | G14: HOCOMOCOv11 | H14: ChIP-Seq | I14: 0.92781848 | J14: 0.76418012 | K14: 36 | L14: 16 | M14: 505 | N14: Fos-related factors{1.1.2} | O14: ATF-3-like factors{1.1.2.2} | P14: 785 | Q14: 467 | R14: ATF3_HUMAN | S14: P18847
A15: ATF4_HUMAN.H11MO.0.A | B15: ATF4 | C15: 12 | D15: A | E15: 0 | F15: dnMTGATGCAAY | G15: HOCOMOCOv11 | H15: ChIP-Seq | I15: 0.99788201 | J15: 0.95111049 | K15: 18 | L15: 9 | M15: 500 | N15: ATF-4-related factors{1.1.6} | O15: ATF-4{1.1.6.0.1} | P15: 786 | Q15: 468 | R15: ATF4_HUMAN | S15: P18848
A16: ATF6A_HUMAN.H11MO.0.B | B16: ATF6 | C16: 12 | D16: B | E16: 0 | F16: vKSSTGACGTGG | G16: HOCOMOCOv9 | H16: Integrative | M16: 20 | N16: CREB-related factors{1.1.7} | O16: ATF-6 factors{1.1.7.3} | P16: 791 | Q16: 22926 | R16: ATF6A_HUMAN | S16: P18850
A17: ATOH1_HUMAN.H11MO.0.B | B17: ATOH1 | C17: 9 | D17: B | E17: 0 | F17: RRCAGMTGK | G17: HOCOMOCOv11 | H17: ChIP-Seq | I17: 0.75902405 | J17: 0.98836918 | K17: 3 | L17: 4 | M17: 502 | N17: Tal-related factors{1.2.3} | O17: Neurogenin / Atonal-like factors{1.2.3.4} | P17: 797 | Q17: 474 | R17: ATOH1_HUMAN | S17: Q92858
A18: BACH1_HUMAN.H11MO.0.A | B18: BACH1 | C18: 13 | D18: A | E18: 0 | F18: YGCTGAGTCMbbb | G18: HOCOMOCOv10 | H18: ChIP-Seq | M18: 502 | N18: Jun-related factors{1.1.1} | O18: NF-E2-like factors{1.1.1.2} | P18: 935 | Q18: 571 | R18: BACH1_HUMAN | S18: O14867
A19: BACH2_HUMAN.H11MO.0.A | B19: BACH2 | C19: 11 | D19: A | E19: 0 | F19: WGCTKWSTCAb | G19: HOCOMOCOv11 | H19: ChIP-Seq | I19: 0.92580702 | J19: 0.98024126 | K19: 10 | L19: 3 | M19: 500 | N19: Jun-related factors{1.1.1} | O19: NF-E2-like factors{1.1.1.2} | P19: 14078 | Q19: 60468 | R19: BACH2_HUMAN | S19: Q9BYV9
A20: BATF3_HUMAN.H11MO.0.B | B20: BATF3 | C20: 17 | D20: B | E20: 0 | F20: ndSTTYChnWhTGAbdn | G20: HOCOMOCOv11 | H20: ChIP-Seq | J20: 0.96333554 | L20: 5 | M20: 500 | N20: B-ATF-related factors{1.1.4} | O20: B-ATF-3{1.1.4.0.3} | P20: 28915 | Q20: 55509 | R20: BATF3_HUMAN | S20: Q9NR55
A21: BATF_HUMAN.H11MO.0.A | B21: BATF | C21: 18 | D21: A | E21: 0 | F21: dbTYYYddWWTGASTnWb | G21: HOCOMOCOv11 | H21: ChIP-Seq | I21: 0.96321879 | J21: 0.93788743 | K21: 10 | L21: 20 | M21: 500 | N21: B-ATF-related factors{1.1.4} | O21: B-ATF{1.1.4.0.1} | P21: 958 | Q21: 10538 | R21: BATF_HUMAN | S21: Q16520
A22: BC11A_HUMAN.H11MO.0.A | B22: BCL11A | C22: 17 | D22: A | E22: 0 | F22: vdvRvRGGAAvYRRvRv | G22: HOCOMOCOv10 | H22: ChIP-Seq | I22: 0.89958468 | K22: 10 | M22: 500 | N22: Factors with multiple dispersed zinc fingers{2.3.4} | O22: BCL11{2.3.4.15} | P22: 13221 | Q22: 53335 | R22: BC11A_HUMAN | S22: Q9H165
A23: BCL6_HUMAN.H11MO.0.A | B23: BCL6 | C23: 13 | D23: A | E23: 0 | F23: bdMYYTCYAGGAA | G23: HOCOMOCOv11 | H23: ChIP-Seq | I23: 0.80230347 | J23: 0.87359178 | K23: 27 | L23: 11 | M23: 500 | N23: More than 3 adjacent zinc finger factors{2.3.3} | O23: BCL6 factors{2.3.3.22} | P23: 1001 | Q23: 604 | R23: BCL6_HUMAN | S23: P41182
A24: BHA15_HUMAN.H11MO.0.B | B24: BHLHA15 | C24: 11 | D24: B | E24: 0 | F24: vvRRCAGCTGK | G24: HOCOMOCOv11 | H24: ChIP-Seq | J24: 0.98809676 | L24: 6 | M24: 500 | N24: Tal-related factors{1.2.3} | O24: Neurogenin / Atonal-like factors{1.2.3.4} | P24: 22265 | Q24: 168620 | R24: BHA15_HUMAN | S24: Q7RTS1
A25: BHE40_HUMAN.H11MO.0.A | B25: BHLHE40 | C25: 10 | D25: A | E25: 0 | F25: dKCACGTGMv | G25: HOCOMOCOv11 | H25: ChIP-Seq | I25: 0.85472299 | J25: 0.95342176 | K25: 10 | L25: 5 | M25: 508 | N25: Hairy-related factors{1.2.4} | O25: Hairy-like factors{1.2.4.1} | P25: 1046 | Q25: 8553 | R25: BHE40_HUMAN | S25: O14503
A26: BMAL1_HUMAN.H11MO.0.A | B26: ARNTL | C26: 11 | D26: A | E26: 0 | F26: nSCAYGTGhbb | G26: HOCOMOCOv11 | H26: ChIP-Seq | I26: 0.86415614 | J26: 0.87506917 | K26: 18 | L26: 15 | M26: 410 | N26: PAS domain factors{1.2.5} | O26: Arnt-like factors{1.2.5.2} | P26: 701 | Q26: 406 | R26: BMAL1_HUMAN | S26: O00327
A27: BRAC_HUMAN.H11MO.0.A | B27: T | C27: 20 | D27: A | E27: 0 | F27: bYvvMRdvnvdSTGWKARdd | G27: HOCOMOCOv11 | H27: ChIP-Seq | I27: 0.83523693 | J27: 0.81776072 | K27: 9 | L27: 10 | M27: 500 | N27: Brachyury-related factors{6.5.1} | O27: T (Brachyury){6.5.1.0.1} | P27: 11515 | Q27: 6862 | R27: BRAC_HUMAN | S27: O15178
A28: CDX1_HUMAN.H11MO.0.C | B28: CDX1 | C28: 8 | D28: C | E28: 0 | F28: hTTKAWGd | G28: HOCOMOCOv9 | H28: Integrative | M28: 30 | N28: HOX-related factors{3.1.1} | O28: CDX (Caudal type homeobox){3.1.1.9} | P28: 1805 | Q28: 1044 | R28: CDX1_HUMAN | S28: P47902
A29: CDX2_HUMAN.H11MO.0.A | B29: CDX2 | C29: 12 | D29: A | E29: 0 | F29: dTTbATKGShbY | G29: HOCOMOCOv11 | H29: ChIP-Seq | I29: 0.92304957 | J29: 0.98211674 | K29: 13 | L29: 23 | M29: 151 | N29: HOX-related factors{3.1.1} | O29: CDX (Caudal type homeobox){3.1.1.9} | P29: 1806 | Q29: 1045 | R29: CDX2_HUMAN | S29: Q99626
A30: CEBPA_HUMAN.H11MO.0.A | B30: CEBPA | C30: 12 | D30: A | E30: 0 | F30: dRTTKhGCAAYv | G30: HOCOMOCOv11 | H30: ChIP-Seq | I30: 0.98337589 | J30: 0.99050255 | K30: 18 | L30: 153 | M30: 500 | N30: C/EBP-related{1.1.8} | O30: C/EBP{1.1.8.1} | P30: 1833 | Q30: 1050 | R30: CEBPA_HUMAN | S30: P49715
A31: CEBPB_HUMAN.H11MO.0.A | B31: CEBPB | C31: 12 | D31: A | E31: 0 | F31: dRTTRhGCAAYv | G31: HOCOMOCOv11 | H31: ChIP-Seq | I31: 0.98145316 | J31: 0.98531043 | K31: 65 | L31: 158 | M31: 457 | N31: C/EBP-related{1.1.8} | O31: C/EBP{1.1.8.1} | P31: 1834 | Q31: 1051 | R31: CEBPB_HUMAN | S31: P17676
A32: CEBPD_HUMAN.H11MO.0.C | B32: CEBPD | C32: 11 | D32: C | E32: 0 | F32: vTTGCdYMAbh | G32: HOCOMOCOv11 | H32: ChIP-Seq | I32: 0.83078732 | K32: 10 | M32: 500 | N32: C/EBP-related{1.1.8} | O32: C/EBP{1.1.8.1} | P32: 1835 | Q32: 1052 | R32: CEBPD_HUMAN | S32: P49716
A33: CEBPE_HUMAN.H11MO.0.A | B33: CEBPE | C33: 12 | D33: A | E33: 0 | F33: dTKSGMAAThdb | G33: HOCOMOCOv9 | H33: Integrative | M33: 803 | N33: C/EBP-related{1.1.8} | O33: C/EBP{1.1.8.1} | P33: 1836 | Q33: 1053 | R33: CEBPE_HUMAN | S33: Q15744
A34: CEBPG_HUMAN.H11MO.0.B | B34: CEBPG | C34: 12 | D34: B | E34: 0 | F34: RTTRCATCAKhh | G34: HOCOMOCOv11 | H34: ChIP-Seq | I34: 0.73813043 | J34: 0.97173164 | K34: 2 | L34: 4 | M34: 501 | N34: C/EBP-related{1.1.8} | O34: C/EBP{1.1.8.1} | P34: 1837 | Q34: 1054 | R34: CEBPG_HUMAN | S34: P53567
A35: CLOCK_HUMAN.H11MO.0.C | B35: CLOCK | C35: 14 | D35: C | E35: 0 | F35: SdvnCAMRYGvvvh | G35: HOCOMOCOv11 | H35: ChIP-Seq | I35: 0.65821847 | J35: 0.73453481 | K35: 5 | L35: 22 | M35: 253 | N35: PAS domain factors{1.2.5} | O35: Arnt-like factors{1.2.5.2} | P35: 2082 | Q35: 9575 | R35: CLOCK_HUMAN | S35: O15516
A36: COE1_HUMAN.H11MO.0.A | B36: EBF1 | C36: 15 | D36: A | E36: 0 | F36: vdbYCCCMWGGGRvh | G36: HOCOMOCOv11 | H36: ChIP-Seq | I36: 0.99417685 | J36: 0.99219462 | K36: 17 | L36: 55 | M36: 500 | N36: Early B-Cell Factor-related factors{6.1.5} | O36: EBF1 (COE1){6.1.5.0.1} | P36: 3126 | Q36: 1879 | R36: COE1_HUMAN | S36: Q9UH73
A37: COT1_HUMAN.H11MO.0.C | B37: NR2F1 | C37: 17 | D37: C | E37: 0 | F37: vRRRbvRRAGGKCAdvv | G37: HOCOMOCOv11 | H37: ChIP-Seq | I37: 0.87928937 | K37: 3 | M37: 501 | N37: RXR-related receptors (NR2){2.1.3} | O37: COUP-like receptors (NR2F){2.1.3.5} | P37: 7975 | Q37: 7025 | R37: COT1_HUMAN | S37: P10589
A38: COT2_HUMAN.H11MO.0.A | B38: NR2F2 | C38: 13 | D38: A | E38: 0 | F38: vMRAGGTCAdvdd | G38: HOCOMOCOv10 | H38: ChIP-Seq | I38: 0.9337305 | J38: 0.83341543 | K38: 28 | L38: 3 | M38: 509 | N38: RXR-related receptors (NR2){2.1.3} | O38: COUP-like receptors (NR2F){2.1.3.5} | P38: 7976 | Q38: 7026 | R38: COT2_HUMAN | S38: P24468
A39: CREB1_HUMAN.H11MO.0.A | B39: CREB1 | C39: 11 | D39: A | E39: 0 | F39: ndRTGACGYhW | G39: HOCOMOCOv11 | H39: ChIP-Seq | I39: 0.92678774 | J39: 0.88827561 | K39: 63 | L39: 8 | M39: 501 | N39: CREB-related factors{1.1.7} | O39: CREB-like factors{1.1.7.1} | P39: 2345 | Q39: 1385 | R39: CREB1_HUMAN | S39: P16220
A40: CREM_HUMAN.H11MO.0.C | B40: CREM | C40: 11 | D40: C | E40: 0 | F40: SRvTGACGTSA | G40: HOCOMOCOv9 | H40: Integrative | M40: 30 | N40: CREB-related factors{1.1.7} | O40: CREB-like factors{1.1.7.1} | P40: 2352 | Q40: 1390 | R40: CREM_HUMAN | S40: Q03060
A41: CRX_HUMAN.H11MO.0.B | B41: CRX | C41: 13 | D41: B | E41: 0 | F41: hvRdvGGATTAdv | G41: HOCOMOCOv11 | H41: ChIP-Seq | J41: 0.9334695 | L41: 8 | M41: 500 | N41: Paired-related HD factors{3.1.3} | O41: OTX{3.1.3.17} | P41: 2383 | Q41: 1406 | R41: CRX_HUMAN | S41: O43186
A42: CTCFL_HUMAN.H11MO.0.A | B42: CTCFL | C42: 17 | D42: A | E42: 0 | F42: bCCdShAGGKGGCGShv | G42: HOCOMOCOv11 | H42: ChIP-Seq | I42: 0.97410014 | J42: 0.99310186 | K42: 25 | L42: 8 | M42: 450 | N42: More than 3 adjacent zinc finger factors{2.3.3} | O42: CTCF-like factors{2.3.3.50} | P42: 16234 | Q42: 140690 | R42: CTCFL_HUMAN | S42: Q8NI51
A43: CTCF_HUMAN.H11MO.0.A | B43: CTCF | C43: 19 | D43: A | E43: 0 | F43: bbdCCRSYAGGKGGCRSbv | G43: HOCOMOCOv11 | H43: ChIP-Seq | I43: 0.99748841 | J43: 0.99845941 | K43: 502 | L43: 263 | M43: 500 | N43: More than 3 adjacent zinc finger factors{2.3.3} | O43: CTCF-like factors{2.3.3.50} | P43: 13723 | Q43: 10664 | R43: CTCF_HUMAN | S43: P49711
A44: CUX1_HUMAN.H11MO.0.C | B44: CUX1 | C44: 14 | D44: C | E44: 0 | F44: vbRvndATYRRTbb | G44: HOCOMOCOv9 | H44: Integrative | M44: 97 | N44: HD-CUT factors{3.1.9} | O44: CUX{3.1.9.2} | P44: 2557 | Q44: 1523 | R44: CUX1_HUMAN | S44: P39880
A45: DBP_HUMAN.H11MO.0.B | B45: DBP | C45: 11 | D45: B | E45: 0 | F45: vTKRYGTAAbv | G45: HOCOMOCOv9 | H45: Integrative | M45: 26 | N45: C/EBP-related{1.1.8} | O45: PAR factors{1.1.8.2} | P45: 2697 | Q45: 1628 | R45: DBP_HUMAN | S45: Q10586
A46: DLX3_HUMAN.H11MO.0.C | B46: DLX3 | C46: 10 | D46: C | E46: 0 | F46: RMTAATTRvh | G46: HOCOMOCOv9 | H46: Integrative | M46: 35 | N46: NK-related factors{3.1.2} | O46: DLX{3.1.2.5} | P46: 2916 | Q46: 1747 | R46: DLX3_HUMAN | S46: O60479
A47: DUX4_HUMAN.H11MO.0.A | B47: DUX4 | C47: 11 | D47: A | E47: 0 | F47: TGATTRRRTTA | G47: HOCOMOCOv11 | H47: ChIP-Seq | I47: 0.99581923 | K47: 5 | M47: 500 | N47: Paired-related HD factors{3.1.3} | O47: DUX{3.1.3.7} | P47: 50800 | Q47: 100288687 | R47: DUX4_HUMAN | S47: Q9UBX2
A48: E2F1_HUMAN.H11MO.0.A | B48: E2F1 | C48: 14 | D48: A | E48: 0 | F48: vvndSGCGGGARvd | G48: HOCOMOCOv11 | H48: ChIP-Seq | I48: 0.91894407 | J48: 0.95795094 | K48: 80 | L48: 21 | M48: 500 | N48: E2F-related factors{3.3.2} | O48: E2F{3.3.2.1} | P48: 3113 | Q48: 1869 | R48: E2F1_HUMAN | S48: Q01094
A49: E2F2_HUMAN.H11MO.0.B | B49: E2F2 | C49: 10 | D49: B | E49: 0 | F49: RGCGCGMAWC | G49: HOCOMOCOv9 | H49: Integrative | M49: 8 | N49: E2F-related factors{3.3.2} | O49: E2F{3.3.2.1} | P49: 3114 | Q49: 1870 | R49: E2F2_HUMAN | S49: Q14209
A50: E2F3_HUMAN.H11MO.0.A | B50: E2F3 | C50: 11 | D50: A | E50: 0 | F50: ddRGMKGGARv | G50: HOCOMOCOv11 | H50: ChIP-Seq | I50: 0.88761543 | J50: 0.91631005 | K50: 3 | L50: 22 | M50: 500 | N50: E2F-related factors{3.3.2} | O50: E2F{3.3.2.1} | P50: 3115 | Q50: 1871 | R50: E2F3_HUMAN | S50: O00716
A51: E2F4_HUMAN.H11MO.0.A | B51: E2F4 | C51: 13 | D51: A | E51: 0 | F51: vddSGCGGGRvvd | G51: HOCOMOCOv11 | H51: ChIP-Seq | I51: 0.95584379 | J51: 0.97749166 | K51: 15 | L51: 37 | M51: 500 | N51: E2F-related factors{3.3.2} | O51: E2F{3.3.2.1} | P51: 3118 | Q51: 1874 | R51: E2F4_HUMAN | S51: Q16254
A52: E2F5_HUMAN.H11MO.0.B | B52: E2F5 | C52: 10 | D52: B | E52: 0 | F52: nGCGCCAAAh | G52: HOCOMOCOv9 | H52: Integrative | M52: 12 | N52: E2F-related factors{3.3.2} | O52: E2F{3.3.2.1} | P52: 3119 | Q52: 1875 | R52: E2F5_HUMAN | S52: Q15329
A53: E2F6_HUMAN.H11MO.0.A | B53: E2F6 | C53: 13 | D53: A | E53: 0 | F53: dRRGMGGGARvvv | G53: HOCOMOCOv11 | H53: ChIP-Seq | I53: 0.90150188 | K53: 17 | M53: 500 | N53: E2F-related factors{3.3.2} | O53: E2F{3.3.2.1} | P53: 3120 | Q53: 1876 | R53: E2F6_HUMAN | S53: O75461
A54: E2F7_HUMAN.H11MO.0.B | B54: E2F7 | C54: 13 | D54: B | E54: 0 | F54: vdRGCGGGARvdv | G54: HOCOMOCOv11 | H54: ChIP-Seq | I54: 0.84585606 | K54: 16 | M54: 500 | N54: E2F-related factors{3.3.2} | O54: E2F{3.3.2.1} | P54: 23820 | Q54: 144455 | R54: E2F7_HUMAN | S54: Q96AV8
A55: EGR1_HUMAN.H11MO.0.A | B55: EGR1 | C55: 17 | D55: A | E55: 0 | F55: vnvdGhGKGGGYGKndv | G55: HOCOMOCOv11 | H55: ChIP-Seq | I55: 0.98881541 | J55: 0.98118187 | K55: 36 | L55: 12 | M55: 500 | N55: Three-zinc finger Kr√ºppel-related factors{2.3.1} | O55: EGR factors{2.3.1.3} | P55: 3238 | Q55: 1958 | R55: EGR1_HUMAN | S55: P18146
A56: EGR2_HUMAN.H11MO.0.A | B56: EGR2 | C56: 18 | D56: A | E56: 0 | F56: RdRdvdShGKGGGhGKdR | G56: HOCOMOCOv11 | H56: ChIP-Seq | I56: 0.98742988 | J56: 0.96285588 | K56: 4 | L56: 25 | M56: 507 | N56: Three-zinc finger Kr√ºppel-related factors{2.3.1} | O56: EGR factors{2.3.1.3} | P56: 3239 | Q56: 1959 | R56: EGR2_HUMAN | S56: P11161
A57: EHF_HUMAN.H11MO.0.B | B57: EHF | C57: 15 | D57: B | E57: 0 | F57: ndAbSAGGAAGYdvv | G57: HOCOMOCOv11 | H57: ChIP-Seq | I57: 0.96623257 | J57: 0.65387073 | K57: 5 | L57: 3 | M57: 500 | N57: Ets-related factors{3.5.2} | O57: EHF-like factors{3.5.2.4} | P57: 3246 | Q57: 26298 | R57: EHF_HUMAN | S57: Q9NZC4
A58: ELF1_HUMAN.H11MO.0.A | B58: ELF1 | C58: 14 | D58: A | E58: 0 | F58: vvdvSMGGAAGYvv | G58: HOCOMOCOv11 | H58: ChIP-Seq | I58: 0.99154654 | J58: 0.97523043 | K58: 43 | L58: 5 | M58: 500 | N58: Ets-related factors{3.5.2} | O58: Elf-1-like factors{3.5.2.3} | P58: 3316 | Q58: 1997 | R58: ELF1_HUMAN | S58: P32519
A59: ELF2_HUMAN.H11MO.0.C | B59: ELF2 | C59: 13 | D59: C | E59: 0 | F59: vdvSCGGAAGhvv | G59: HOCOMOCOv11 | H59: ChIP-Seq | I59: 0.89333422 | K59: 2 | M59: 500 | N59: Ets-related factors{3.5.2} | O59: Elf-1-like factors{3.5.2.3} | P59: 3317 | Q59: 1998 | R59: ELF2_HUMAN | S59: Q15723
A60: ELF3_HUMAN.H11MO.0.A | B60: ELF3 | C60: 14 | D60: A | E60: 0 | F60: vdAbSAGGAARYdv | G60: HOCOMOCOv11 | H60: ChIP-Seq | I60: 0.9794306 | K60: 11 | M60: 500 | N60: Ets-related factors{3.5.2} | O60: EHF-like factors{3.5.2.4} | P60: 3318 | Q60: 1999 | R60: ELF3_HUMAN | S60: P78545
A61: ELF5_HUMAN.H11MO.0.A | B61: ELF5 | C61: 15 | D61: A | E61: 0 | F61: vvvAbSMGGAAGhdv | G61: HOCOMOCOv11 | H61: ChIP-Seq | I61: 0.98531388 | J61: 0.93029487 | K61: 3 | L61: 12 | M61: 500 | N61: Ets-related factors{3.5.2} | O61: EHF-like factors{3.5.2.4} | P61: 3320 | Q61: 2001 | R61: ELF5_HUMAN | S61: Q9UKW6
A62: ELK1_HUMAN.H11MO.0.B | B62: ELK1 | C62: 11 | D62: B | E62: 0 | F62: vCCGGAAGTKv | G62: HOCOMOCOv11 | H62: ChIP-Seq | I62: 0.97980502 | J62: 0.68267689 | K62: 4 | L62: 7 | M62: 500 | N62: Ets-related factors{3.5.2} | O62: Elk-like factors{3.5.2.2} | P62: 3321 | Q62: 2002 | R62: ELK1_HUMAN | S62: P19419
A63: ELK4_HUMAN.H11MO.0.A | B63: ELK4 | C63: 12 | D63: A | E63: 0 | F63: vvCCGGAARYRv | G63: HOCOMOCOv11 | H63: ChIP-Seq | I63: 0.96613429 | J63: 0.63759355 | K63: 13 | L63: 4 | M63: 500 | N63: Ets-related factors{3.5.2} | O63: Elk-like factors{3.5.2.2} | P63: 3326 | Q63: 2005 | R63: ELK4_HUMAN | S63: P28324
A64: EPAS1_HUMAN.H11MO.0.B | B64: EPAS1 | C64: 9 | D64: B | E64: 0 | F64: vdACGTGhh | G64: HOCOMOCOv11 | H64: ChIP-Seq | I64: 0.83762303 | K64: 24 | M64: 500 | N64: PAS domain factors{1.2.5} | O64: Ahr-like factors{1.2.5.1} | P64: 3374 | Q64: 2034 | R64: EPAS1_HUMAN | S64: Q99814
A65: ERG_HUMAN.H11MO.0.A | B65: ERG | C65: 13 | D65: A | E65: 0 | F65: vvRSAGGAAGbvv | G65: HOCOMOCOv11 | H65: ChIP-Seq | I65: 0.98354123 | J65: 0.87738693 | K65: 79 | L65: 16 | M65: 500 | N65: Ets-related factors{3.5.2} | O65: Ets-like factors{3.5.2.1} | P65: 3446 | Q65: 2078 | R65: ERG_HUMAN | S65: P11308
A66: ERR1_HUMAN.H11MO.0.A | B66: ESRRA | C66: 15 | D66: A | E66: 0 | F66: bYSAAGGTCAhhndv | G66: HOCOMOCOv11 | H66: ChIP-Seq | I66: 0.95621026 | J66: 0.97415512 | K66: 31 | L66: 3 | M66: 284 | N66: Steroid hormone receptors (NR3){2.1.1} | O66: ER-like receptors (NR3A&B){2.1.1.2} | P66: 3471 | Q66: 2101 | R66: ERR1_HUMAN | S66: P11474
A67: ERR2_HUMAN.H11MO.0.A | B67: ESRRB | C67: 9 | D67: A | E67: 0 | F67: bSAAGGTCA | G67: HOCOMOCOv9 | H67: Integrative | M67: 3687 | N67: Steroid hormone receptors (NR3){2.1.1} | O67: ER-like receptors (NR3A&B){2.1.1.2} | P67: 3473 | Q67: 2103 | R67: ERR2_HUMAN | S67: O95718
A68: ERR3_HUMAN.H11MO.0.B | B68: ESRRG | C68: 9 | D68: B | E68: 0 | F68: TYAAGGTCA | G68: HOCOMOCOv9 | H68: Integrative | M68: 14 | N68: Steroid hormone receptors (NR3){2.1.1} | O68: ER-like receptors (NR3A&B){2.1.1.2} | P68: 3474 | Q68: 2104 | R68: ERR3_HUMAN | S68: P62508
A69: ESR1_HUMAN.H11MO.0.A | B69: ESR1 | C69: 15 | D69: A | E69: 0 | F69: RGGKCAbCvWGMCCY | G69: HOCOMOCOv11 | H69: ChIP-Seq | I69: 0.97131729 | J69: 0.9947568 | K69: 432 | L69: 58 | M69: 500 | N69: Steroid hormone receptors (NR3){2.1.1} | O69: ER-like receptors (NR3A&B){2.1.1.2} | P69: 3467 | Q69: 2099 | R69: ESR1_HUMAN | S69: P03372
A70: ESR2_HUMAN.H11MO.0.A | B70: ESR2 | C70: 15 | D70: A | E70: 0 | F70: RGGbCRbCbYGhCCY | G70: HOCOMOCOv11 | H70: ChIP-Seq | I70: 0.94398167 | J70: 0.94076371 | K70: 11 | L70: 7 | M70: 497 | N70: Steroid hormone receptors (NR3){2.1.1} | O70: ER-like receptors (NR3A&B){2.1.1.2} | P70: 3468 | Q70: 2100 | R70: ESR2_HUMAN | S70: Q92731
A71: ETS1_HUMAN.H11MO.0.A | B71: ETS1 | C71: 13 | D71: A | E71: 0 | F71: vvRSMGGAAGYRR | G71: HOCOMOCOv11 | H71: ChIP-Seq | I71: 0.9627134 | J71: 0.92738686 | K71: 45 | L71: 33 | M71: 500 | N71: Ets-related factors{3.5.2} | O71: Ets-like factors{3.5.2.1} | P71: 3488 | Q71: 2113 | R71: ETS1_HUMAN | S71: P14921
A72: ETS2_HUMAN.H11MO.0.B | B72: ETS2 | C72: 13 | D72: B | E72: 0 | F72: ddvdRGAARvRdv | G72: HOCOMOCOv11 | H72: ChIP-Seq | J72: 0.83633647 | L72: 12 | M72: 500 | N72: Ets-related factors{3.5.2} | O72: Ets-like factors{3.5.2.1} | P72: 3489 | Q72: 2114 | R72: ETS2_HUMAN | S72: P15036
A73: ETV1_HUMAN.H11MO.0.A | B73: ETV1 | C73: 11 | D73: A | E73: 0 | F73: vvCCGGAAGbv | G73: HOCOMOCOv11 | H73: ChIP-Seq | I73: 0.94125045 | K73: 8 | M73: 500 | N73: Ets-related factors{3.5.2} | O73: Elk-like factors{3.5.2.2} | P73: 3490 | Q73: 2115 | R73: ETV1_HUMAN | S73: P50549
A74: ETV2_HUMAN.H11MO.0.B | B74: ETV2 | C74: 16 | D74: B | E74: 0 | F74: vvvRRCAGGAARYvSv | G74: HOCOMOCOv11 | H74: ChIP-Seq | J74: 0.98085301 | L74: 6 | M74: 230 | N74: Ets-related factors{3.5.2} | O74: Ets-like factors{3.5.2.1} | P74: 3491 | Q74: 2116 | R74: ETV2_HUMAN | S74: O00321
A75: ETV4_HUMAN.H11MO.0.B | B75: ETV4 | C75: 11 | D75: B | E75: 0 | F75: vdSAGGAARbd | G75: HOCOMOCOv11 | H75: ChIP-Seq | I75: 0.81881668 | K75: 5 | M75: 500 | N75: Ets-related factors{3.5.2} | O75: Elk-like factors{3.5.2.2} | P75: 3493 | Q75: 2118 | R75: ETV4_HUMAN | S75: P43268
A76: ETV5_HUMAN.H11MO.0.C | B76: ETV5 | C76: 14 | D76: C | E76: 0 | F76: vddvAGGRARddvv | G76: HOCOMOCOv11 | H76: ChIP-Seq | I76: 0.86749851 | K76: 3 | M76: 500 | N76: Ets-related factors{3.5.2} | O76: Elk-like factors{3.5.2.2} | P76: 3494 | Q76: 2119 | R76: ETV5_HUMAN | S76: P41161
A77: EVI1_HUMAN.H11MO.0.B | B77: MECOM | C77: 16 | D77: B | E77: 0 | F77: dWGAYAAGATAAnMbd | G77: HOCOMOCOv9 | H77: Integrative | M77: 141 | N77: Factors with multiple dispersed zinc fingers{2.3.4} | O77: Evi-1-like factors{2.3.4.14} | P77: 3498 | Q77: 2122 | R77: EVI1_HUMAN | S77: Q03112
A78: FEV_HUMAN.H11MO.0.B | B78: FEV | C78: 10 | D78: B | E78: 0 | F78: vvvRGARRhS | G78: HOCOMOCOv11 | H78: ChIP-Seq | I78: 0.75336019 | J78: 0.88674822 | K78: 2 | L78: 4 | M78: 498 | N78: Ets-related factors{3.5.2} | O78: Ets-like factors{3.5.2.1} | P78: 18562 | Q78: 54738 | R78: FEV_HUMAN | S78: Q99581
A79: FEZF1_HUMAN.H11MO.0.C | B79: FEZF1 | C79: 12 | D79: C | E79: 0 | F79: dhTGYYYWTTYh | G79: HOCOMOCOv11 | H79: ChIP-Seq | I79: 0.8008072 | K79: 3 | M79: 500 | N79: More than 3 adjacent zinc finger factors{2.3.3} | O79: FEZF factors{2.3.3.20} | P79: 22788 | Q79: 389549 | R79: FEZF1_HUMAN | S79: A0PJY2
A80: FLI1_HUMAN.H11MO.0.A | B80: FLI1 | C80: 18 | D80: A | E80: 0 | F80: vvdRRMAGGAAGbvRvvv | G80: HOCOMOCOv11 | H80: ChIP-Seq | I80: 0.98743798 | J80: 0.89185432 | K80: 50 | L80: 32 | M80: 529 | N80: Ets-related factors{3.5.2} | O80: Ets-like factors{3.5.2.1} | P80: 3749 | Q80: 2313 | R80: FLI1_HUMAN | S80: Q01543
A81: FOSB_HUMAN.H11MO.0.A | B81: FOSB | C81: 9 | D81: A | E81: 0 | F81: vTGAGTCAb | G81: HOCOMOCOv11 | H81: ChIP-Seq | I81: 0.97426618 | J81: 0.91692505 | K81: 2 | L81: 27 | M81: 500 | N81: Fos-related factors{1.1.2} | O81: Fos factors{1.1.2.1} | P81: 3797 | Q81: 2354 | R81: FOSB_HUMAN | S81: P53539
A82: FOSL1_HUMAN.H11MO.0.A | B82: FOSL1 | C82: 12 | D82: A | E82: 0 | F82: ddvTGAGTCAbh | G82: HOCOMOCOv11 | H82: ChIP-Seq | I82: 0.98755591 | J82: 0.95192435 | K82: 21 | L82: 2 | M82: 500 | N82: Fos-related factors{1.1.2} | O82: Fos factors{1.1.2.1} | P82: 13718 | Q82: 8061 | R82: FOSL1_HUMAN | S82: P15407
A83: FOSL2_HUMAN.H11MO.0.A | B83: FOSL2 | C83: 12 | D83: A | E83: 0 | F83: ndRTGAGTCAYh | G83: HOCOMOCOv11 | H83: ChIP-Seq | I83: 0.99657989 | J83: 0.97572085 | K83: 27 | L83: 5 | M83: 500 | N83: Fos-related factors{1.1.2} | O83: Fos factors{1.1.2.1} | P83: 3798 | Q83: 2355 | R83: FOSL2_HUMAN | S83: P15408
A84: FOS_HUMAN.H11MO.0.A | B84: FOS | C84: 9 | D84: A | E84: 0 | F84: vTGAGTCAb | G84: HOCOMOCOv11 | H84: ChIP-Seq | I84: 0.99310803 | J84: 0.92935979 | K84: 38 | L84: 50 | M84: 500 | N84: Fos-related factors{1.1.2} | O84: Fos factors{1.1.2.1} | P84: 3796 | Q84: 2353 | R84: FOS_HUMAN | S84: P01100
A85: FOXA1_HUMAN.H11MO.0.A | B85: FOXA1 | C85: 12 | D85: A | E85: 0 | F85: TGTTTACWYWdb | G85: HOCOMOCOv11 | H85: ChIP-Seq | I85: 0.98816289 | J85: 0.97439914 | K85: 199 | L85: 28 | M85: 500 | N85: Forkhead box (FOX) factors{3.3.1} | O85: FOXA{3.3.1.1} | P85: 5021 | Q85: 3169 | R85: FOXA1_HUMAN | S85: P55317
A86: FOXA2_HUMAN.H11MO.0.A | B86: FOXA2 | C86: 12 | D86: A | E86: 0 | F86: TGTTTACWbWdb | G86: HOCOMOCOv11 | H86: ChIP-Seq | I86: 0.98194814 | J86: 0.98818695 | K86: 22 | L86: 34 | M86: 500 | N86: Forkhead box (FOX) factors{3.3.1} | O86: FOXA{3.3.1.1} | P86: 5022 | Q86: 3170 | R86: FOXA2_HUMAN | S86: Q9Y261
A87: FOXA3_HUMAN.H11MO.0.B | B87: FOXA3 | C87: 13 | D87: B | E87: 0 | F87: bhTGTTTACWbWd | G87: HOCOMOCOv11 | H87: ChIP-Seq | J87: 0.98767732 | L87: 6 | M87: 500 | N87: Forkhead box (FOX) factors{3.3.1} | O87: FOXA{3.3.1.1} | P87: 5023 | Q87: 3171 | R87: FOXA3_HUMAN | S87: P55318
A88: FOXC1_HUMAN.H11MO.0.C | B88: FOXC1 | C88: 15 | D88: C | E88: 0 | F88: bnhTGTTTACWTAvS | G88: HOCOMOCOv9 | H88: Integrative | M88: 26 | N88: Forkhead box (FOX) factors{3.3.1} | O88: FOXC{3.3.1.3} | P88: 3800 | Q88: 2296 | R88: FOXC1_HUMAN | S88: Q12948
A89: FOXH1_HUMAN.H11MO.0.A | B89: FOXH1 | C89: 9 | D89: A | E89: 0 | F89: WGTGKATTb | G89: HOCOMOCOv11 | H89: ChIP-Seq | I89: 0.973428 | K89: 7 | M89: 487 | N89: Forkhead box (FOX) factors{3.3.1} | O89: FOXH{3.3.1.8} | P89: 3814 | Q89: 8928 | R89: FOXH1_HUMAN | S89: O75593
A90: FOXI1_HUMAN.H11MO.0.B | B90: FOXI1 | C90: 12 | D90: B | E90: 0 | F90: hWbTGATTGGYb | G90: HOCOMOCOv9 | H90: Integrative | M90: 210 | N90: Forkhead box (FOX) factors{3.3.1} | O90: FOXI{3.3.1.9} | P90: 3815 | Q90: 2299 | R90: FOXI1_HUMAN | S90: Q12951
A91: FOXJ2_HUMAN.H11MO.0.C | B91: FOXJ2 | C91: 10 | D91: C | E91: 0 | F91: TRTTTATYTd | G91: HOCOMOCOv9 | H91: Integrative | M91: 41 | N91: Forkhead box (FOX) factors{3.3.1} | O91: FOXJ{3.3.1.10} | P91: 24818 | Q91: 55810 | R91: FOXJ2_HUMAN | S91: Q9P0K8
A92: FOXJ3_HUMAN.H11MO.0.A | B92: FOXJ3 | C92: 13 | D92: A | E92: 0 | F92: dTGTTTATKKTTd | G92: HOCOMOCOv9 | H92: Integrative | M92: 550 | N92: Forkhead box (FOX) factors{3.3.1} | O92: FOXJ{3.3.1.10} | P92: 29178 | Q92: 22887 | R92: FOXJ3_HUMAN | S92: Q9UPW0
A93: FOXK1_HUMAN.H11MO.0.A | B93: FOXK1 | C93: 10 | D93: A | E93: 0 | F93: TGTTThYhhb | G93: HOCOMOCOv11 | H93: ChIP-Seq | I93: 0.85696398 | J93: 0.78108262 | K93: 11 | L93: 4 | M93: 506 | N93: Forkhead box (FOX) factors{3.3.1} | O93: FOXK{3.3.1.11} | P93: 23480 | Q93: 221937 | R93: FOXK1_HUMAN | S93: P85037
A94: FOXM1_HUMAN.H11MO.0.A | B94: FOXM1 | C94: 12 | D94: A | E94: 0 | F94: TRTTTRYWbWbn | G94: HOCOMOCOv11 | H94: ChIP-Seq | I94: 0.88180923 | K94: 66 | M94: 500 | N94: Forkhead box (FOX) factors{3.3.1} | O94: FOXM{3.3.1.13} | P94: 3818 | Q94: 2305 | R94: FOXM1_HUMAN | S94: Q08050
A95: FOXO1_HUMAN.H11MO.0.A | B95: FOXO1 | C95: 12 | D95: A | E95: 0 | F95: dbbbTGTTKhYn | G95: HOCOMOCOv11 | H95: ChIP-Seq | I95: 0.88284039 | J95: 0.90120242 | K95: 9 | L95: 21 | M95: 500 | N95: Forkhead box (FOX) factors{3.3.1} | O95: FOXO{3.3.1.15} | P95: 3819 | Q95: 2308 | R95: FOXO1_HUMAN | S95: Q12778
A96: FOXO3_HUMAN.H11MO.0.B | B96: FOXO3 | C96: 10 | D96: B | E96: 0 | F96: bbTGTTTWCh | G96: HOCOMOCOv11 | H96: ChIP-Seq | I96: 0.66828659 | J96: 0.94672793 | K96: 2 | L96: 7 | M96: 500 | N96: Forkhead box (FOX) factors{3.3.1} | O96: FOXO{3.3.1.15} | P96: 3821 | Q96: 2309 | R96: FOXO3_HUMAN | S96: O43524
A97: FOXO4_HUMAN.H11MO.0.C | B97: FOXO4 | C97: 9 | D97: C | E97: 0 | F97: bTGTTTAbK | G97: HOCOMOCOv9 | H97: Integrative | M97: 28 | N97: Forkhead box (FOX) factors{3.3.1} | O97: FOXO{3.3.1.15} | P97: 7139 | Q97: 4303 | R97: FOXO4_HUMAN | S97: P98177
A98: FOXP1_HUMAN.H11MO.0.A | B98: FOXP1 | C98: 9 | D98: A | E98: 0 | F98: KbTGTTTMY | G98: HOCOMOCOv11 | H98: ChIP-Seq | I98: 0.88656844 | K98: 21 | M98: 296 | N98: Forkhead box (FOX) factors{3.3.1} | O98: FOXP{3.3.1.16} | P98: 3823 | Q98: 27086 | R98: FOXP1_HUMAN | S98: Q9H334
A99: FOXP2_HUMAN.H11MO.0.C | B99: FOXP2 | C99: 9 | D99: C | E99: 0 | F99: bTGTTTMCh | G99: HOCOMOCOv11 | H99: ChIP-Seq | I99: 0.96223107 | K99: 2 | M99: 500 | N99: Forkhead box (FOX) factors{3.3.1} | O99: FOXP{3.3.1.16} | P99: 13875 | Q99: 93986 | R99: FOXP2_HUMAN | S99: O15409
A100: FOXQ1_HUMAN.H11MO.0.C | B100: FOXQ1 | C100: 12 | D100: C | E100: 0 | F100: nRTTGTTTATKT | G100: HOCOMOCOv9 | H100: Integrative | M100: 13 | N100: Forkhead box (FOX) factors{3.3.1} | O100: FOXQ{3.3.1.17} | P100: 20951 | Q100: 94234 | R100: FOXQ1_HUMAN | S100: Q9C009
...
